SessionID,Round,TimeStamp,PosX,PosY,PosZ,RotX,RotY,RotZ,RotW,VelocityX,VelocityY,VelocityZ,
7367905,0,0.0433682,337.8099,0.05700164,399.7235,-0.00200163,0.6310046,0.001642414,0.7757748,-0.00200163,0.6310046,0.001642414,
7367905,0,0.1468265,337.9663,0.05698558,399.756,-0.002012686,0.6310132,0.001635425,0.7757678,-0.002012686,0.6310132,0.001635425,
7367905,0,0.2475553,338.1212,0.05695577,399.7882,-0.002017022,0.6310139,0.001638643,0.7757671,-0.002017022,0.6310139,0.001638643,
7367905,0,0.3479668,338.2776,0.05695454,399.8207,-0.002000281,0.631014,0.00162717,0.7757672,-0.002000281,0.631014,0.00162717,
7367905,0,0.4442497,338.4518,0.05689881,399.857,-0.001944022,0.6310141,0.001581579,0.7757674,-0.001944022,0.6310141,0.001581579,
7367905,0,0.5478305,338.6631,0.05674477,399.9009,-0.00187649,0.6310142,0.001526349,0.7757676,-0.00187649,0.6310142,0.001526349,
7367905,0,0.6464082,338.93,0.05651264,399.9564,-0.001817601,0.6310143,0.001478411,0.7757677,-0.001817601,0.6310143,0.001478411,
7367905,0,0.7471784,339.2598,0.05625325,400.025,-0.001797738,0.6310144,0.001462288,0.7757677,-0.001797738,0.6310144,0.001462288,
7367905,0,0.8323752,339.738,0.05596944,400.1245,-0.001799034,0.6310143,0.001463354,0.7757678,-0.001799034,0.6310143,0.001463354,
7367905,0,0.9391373,340.1063,0.05578815,400.2011,-0.001796195,0.6310142,0.001461029,0.7757679,-0.001796195,0.6310142,0.001461029,
7367905,0,1.047602,340.6225,0.05714639,400.3004,-0.001833248,0.6329194,0.001355723,0.7742144,-0.001833248,0.6329194,0.001355723,
7367905,0,1.152077,341.203,0.05646459,400.3786,-0.001927493,0.641665,0.001320474,0.7669815,-0.001927493,0.641665,0.001320474,
7367905,0,1.240977,341.8448,0.05582001,400.4534,-0.001689056,0.6505445,0.001530997,0.7594648,-0.001689056,0.6505445,0.001530997,
7367905,0,1.342587,342.5459,0.05569126,400.5467,-0.001612466,0.6542796,0.001574904,0.7562493,-0.001612466,0.6542796,0.001574904,
7367905,0,1.440183,343.3051,0.05555488,400.6518,-0.001699062,0.6557744,0.001492582,0.7549536,-0.001699062,0.6557744,0.001492582,
7367905,0,1.548084,344.124,0.05532352,400.7656,-0.001703616,0.6564415,0.00147327,0.7543736,-0.001703616,0.6564415,0.00147327,
7367905,0,1.646138,345.0009,0.05509285,400.8872,-0.00168904,0.6567644,0.001473546,0.7540925,-0.00168904,0.6567644,0.001473546,
7367905,0,1.747414,345.9357,0.05488466,401.0162,-0.001689643,0.6570373,0.001459301,0.7538548,-0.001689643,0.6570373,0.001459301,
7367905,0,1.849372,346.9283,0.05468075,401.1451,-0.001694813,0.6587269,0.001444265,0.7523789,-0.001694813,0.6587269,0.001444265,
7367905,0,1.947786,347.9776,0.05447422,401.2811,-0.001653,0.6596963,0.001478441,0.7515291,-0.001653,0.6596963,0.001478441,
7367905,0,2.036735,349.0791,0.05427704,401.4235,-0.001674955,0.6602288,0.001479819,0.7510613,-0.001674955,0.6602288,0.001479819,
7367905,0,2.135185,350.2169,0.05415027,401.57,-0.00172961,0.66053,0.001518533,0.7507961,-0.00172961,0.66053,0.001518533,
7367905,0,2.234229,351.371,0.05411428,401.7181,-0.001787108,0.6607036,0.001571685,0.7506432,-0.001787108,0.6607036,0.001571685,
7367905,0,2.338718,352.522,0.05414767,401.8654,-0.001837217,0.6608037,0.001616657,0.7505548,-0.001837217,0.6608037,0.001616657,
7367905,0,2.436618,353.6613,0.05420919,402.011,-0.001846745,0.6608613,0.001625106,0.7505041,-0.001846745,0.6608613,0.001625106,
7367905,0,2.546816,354.7889,0.05424768,402.1549,-0.001838913,0.6608942,0.001618601,0.750475,-0.001838913,0.6608942,0.001618601,
7367905,0,2.643906,355.9049,0.05428309,402.2973,-0.001838532,0.660913,0.001618624,0.7504585,-0.001838532,0.660913,0.001618624,
7367905,0,2.742589,357.0095,0.05432728,402.4381,-0.001841341,0.6609236,0.001621321,0.7504492,-0.001841341,0.6609236,0.001621321,
7367905,0,2.839063,358.1026,0.05437079,402.5774,-0.001842816,0.6609297,0.001622744,0.7504439,-0.001842816,0.6609297,0.001622744,
7367905,0,2.935323,359.1845,0.05441121,402.7152,-0.00184365,0.660933,0.001623586,0.750441,-0.00184365,0.660933,0.001623586,
7367905,0,3.040334,360.2552,0.05445142,402.8516,-0.001844716,0.6609348,0.001624599,0.7504393,-0.001844716,0.6609348,0.001624599,
7367905,0,3.139005,361.315,0.05449187,402.9861,-0.001852066,0.6610352,0.001618907,0.750351,-0.001852066,0.6610352,0.001618907,
7367905,0,3.240155,362.3647,0.05453554,403.0974,-0.001996541,0.6658121,0.001475468,0.7461154,-0.001996541,0.6658121,0.001475468,
7367905,0,3.342336,363.3528,0.04481148,403.1751,-0.00146676,0.6778897,0.003368594,0.7351544,-0.00146676,0.6778897,0.003368594,
7367905,0,3.448319,364.1398,0.04080388,403.2649,-0.002276114,0.6877689,0.004512943,0.7259122,-0.002276114,0.6877689,0.004512943,
7367905,0,3.537809,364.8894,0.05803453,403.3104,-0.002139003,0.6937986,0.002180345,0.7201626,-0.002139003,0.6937986,0.002180345,
7367905,0,3.640975,365.6292,0.05831462,403.3413,-0.001863497,0.6967594,0.001432367,0.7173011,-0.001863497,0.6967594,0.001432367,
7367905,0,3.752471,366.3645,0.05504575,403.3652,-0.001743927,0.6979905,0.001686729,0.716103,-0.001743927,0.6979905,0.001686729,
7367905,0,3.849962,367.0875,0.05524717,403.3852,-0.00178708,0.6985012,0.001758382,0.7156045,-0.00178708,0.6985012,0.001758382,
7367905,0,3.947701,367.8076,0.05591373,403.4034,-0.001801721,0.6987074,0.001744144,0.7154033,-0.001801721,0.6987074,0.001744144,
7367905,0,4.035609,368.5158,0.05587812,403.4205,-0.001818698,0.698796,0.001770116,0.7153165,-0.001818698,0.698796,0.001770116,
7367905,0,4.152319,369.2211,0.05578476,403.4373,-0.001785117,0.698833,0.001743205,0.7152806,-0.001785117,0.698833,0.001743205,
7367905,0,4.233964,369.9173,0.05581326,403.4629,-0.001715785,0.6968114,0.00182157,0.7172501,-0.001715785,0.6968114,0.00182157,
7367905,0,4.336045,370.6284,0.05579703,403.5026,-0.001730274,0.6928691,0.001673311,0.7210593,-0.001730274,0.6928691,0.001673311,
7367905,0,4.437344,371.3708,0.05564512,403.5395,-0.00172909,0.6911934,0.001559138,0.7226661,-0.00172909,0.6911934,0.001559138,
7367905,0,4.552071,372.1665,0.05542865,403.5776,-0.001631638,0.6904572,0.001545466,0.7233698,-0.001631638,0.6904572,0.001545466,
7367905,0,4.648823,373.0208,0.05519629,403.6184,-0.001614594,0.6901128,0.00154525,0.7236985,-0.001614594,0.6901128,0.00154525,
7367905,0,4.750998,373.934,0.0549915,403.6622,-0.001620791,0.6899435,0.001543909,0.7238598,-0.001620791,0.6899435,0.001543909,
7367905,0,4.833629,374.905,0.05478809,403.7089,-0.001615898,0.689856,0.001539506,0.7239432,-0.001615898,0.689856,0.001539506,
7367905,0,4.941708,375.9332,0.05457756,403.7585,-0.001607779,0.6898093,0.001532577,0.7239878,-0.001607779,0.6898093,0.001532577,
7367905,0,5.035365,377.0181,0.05437022,403.8109,-0.001601894,0.6897834,0.001526639,0.7240124,-0.001601894,0.6897834,0.001526639,
7367905,0,5.138688,378.159,0.05416773,403.8662,-0.001596589,0.6897686,0.001521334,0.7240266,-0.001596589,0.6897686,0.001521334,
7367905,0,5.249104,379.3555,0.05396686,403.9242,-0.001590987,0.6897599,0.001515903,0.7240349,-0.001590987,0.6897599,0.001515903,
7367905,0,5.333991,380.6069,0.05376739,403.9849,-0.00158531,0.6897547,0.001510412,0.7240399,-0.00158531,0.6897547,0.001510412,
7367905,0,5.436893,381.9127,0.05357017,404.0482,-0.001579722,0.6897515,0.001505017,0.724043,-0.001579722,0.6897515,0.001505017,
7367905,0,5.54835,383.2723,0.05337512,404.1124,-0.001599155,0.6901739,0.001474321,0.7236403,-0.001599155,0.6901739,0.001474321,
7367905,0,5.630895,384.9714,0.05315566,404.1411,-0.001795283,0.7000031,0.001296304,0.7141365,-0.001795283,0.7000031,0.001296304,
7367905,0,5.738343,386.137,0.0530418,404.1176,-0.001649628,0.7103134,0.001489781,0.703882,-0.001649628,0.7103134,0.001489781,
7367905,0,5.83552,387.6152,0.05295908,404.0691,-0.001508922,0.7191654,0.001721404,0.6948352,-0.001508922,0.7191654,0.001721404,
7367905,0,5.936324,389.0976,0.05295812,403.9962,-0.001704701,0.7263192,0.001639731,0.6873535,-0.001704701,0.7263192,0.001639731,
7367905,0,6.032343,390.8564,0.05304553,403.8608,-0.001672977,0.7358285,0.001747035,0.6771637,-0.001672977,0.7358285,0.001747035,
7367905,0,6.142683,392.0157,0.05309743,403.7581,-0.001601827,0.7397648,0.001804315,0.6728612,-0.001601827,0.7397648,0.001804315,
7367905,0,6.244285,393.4478,0.05314239,403.604,-0.001754028,0.7459393,0.001664966,0.6660095,-0.001754028,0.7459393,0.001664966,
7367905,0,6.341935,394.8477,0.05321675,403.3751,-0.001950063,0.7609022,0.001549803,0.6488618,-0.001950063,0.7609022,0.001549803,
7367905,0,6.440754,396.2039,0.0533233,403.046,-0.001768204,0.7829654,0.00172478,0.6220604,-0.001768204,0.7829654,0.00172478,
7367905,0,6.538372,396.6138,-0.0204596,402.5995,-0.01167206,0.7353002,0.02473962,0.6771894,-0.01167206,0.7353002,0.02473962,
7367905,0,6.642595,396.7975,0.03914873,402.2673,-0.005088569,0.6753454,0.00581012,0.7374612,-0.005088569,0.6753454,0.00581012,
7367905,0,6.741298,396.9881,0.06899127,402.0287,-0.0003661347,0.6081032,-0.001831405,0.7938558,-0.0003661347,0.6081032,-0.001831405,
7367905,0,6.849653,397.1799,0.06019675,401.8549,-0.001267337,0.5364705,0.001430064,0.8439169,-0.001267337,0.5364705,0.001430064,
7367905,0,6.932719,397.3895,0.05457607,401.7341,-0.00235937,0.4636214,0.002208106,0.8860276,-0.00235937,0.4636214,0.002208106,
7367905,0,7.034478,397.5016,0.05596786,401.6913,-0.002370724,0.426359,0.001596667,0.9045495,-0.002370724,0.426359,0.001596667,
7367905,0,7.144525,397.5974,0.05745975,401.6559,-0.002351893,0.3943704,0.001287174,0.9189477,-0.002351893,0.3943704,0.001287174,
7367905,0,7.244197,397.6325,0.05763556,401.6195,-0.002460528,0.3786844,0.001334447,0.9255216,-0.002460528,0.3786844,0.001334447,
7367905,0,7.344982,397.6099,0.05746189,401.5647,-0.002550532,0.3798642,0.001255904,0.925038,-0.002550532,0.3798642,0.001255904,
7367905,0,7.448581,397.5537,0.05724364,401.4701,-0.002619924,0.387396,0.001004376,0.9219092,-0.002619924,0.387396,0.001004376,
7367905,0,7.533364,397.4689,0.0570344,401.3336,-0.002591739,0.3983294,0.000993792,0.9172383,-0.002591739,0.3983294,0.000993792,
7367905,0,7.649721,397.3531,0.0568505,401.1576,-0.00255313,0.4126012,0.001074195,0.9109076,-0.00255313,0.4126012,0.001074195,
7367905,0,7.737054,397.2029,0.05667495,400.9451,-0.00252506,0.4300918,0.001136605,0.902781,-0.00252506,0.4300918,0.001136605,
7367905,0,7.842618,397.0144,0.05649522,400.7,-0.002491597,0.4506654,0.001194514,0.8926887,-0.002491597,0.4506654,0.001194514,
7367905,0,7.94934,396.7833,0.05631404,400.4271,-0.002448617,0.474166,0.001264609,0.8804312,-0.002448617,0.474166,0.001264609,
7367905,0,8.035659,396.5049,0.05613614,400.1324,-0.002398346,0.5004125,0.001345519,0.8657828,-0.002398346,0.5004125,0.001345519,
7367905,0,8.146424,396.1744,0.05596158,399.8228,-0.002340635,0.5291941,0.001433872,0.8484964,-0.002340635,0.5291941,0.001433872,
7367905,0,8.233521,395.7876,0.05578901,399.5068,-0.002273941,0.5602672,0.001528647,0.8283075,-0.002273941,0.5602672,0.001528647,
7367905,0,8.338041,395.3378,0.05722154,399.2049,-0.00207018,0.5903102,0.001726731,0.8071719,-0.00207018,0.5903102,0.001726731,
7367905,0,8.444188,394.8472,0.05664274,398.9647,-0.001775829,0.610563,0.001913927,0.7919633,-0.001775829,0.610563,0.001913927,
7367905,0,8.542791,394.3673,0.05625914,398.8004,-0.001607827,0.6191259,0.001792207,0.7852881,-0.001607827,0.6191259,0.001792207,
7367905,0,8.650234,393.937,0.05506279,398.7029,-0.001603573,0.6167678,0.001663029,0.7871419,-0.001603573,0.6167678,0.001663029,
7367905,0,8.739379,393.5803,0.05577315,398.6614,-0.001636359,0.6045166,0.001523763,0.7965894,-0.001636359,0.6045166,0.001523763,
7367905,0,8.83693,393.3002,0.05646911,398.6445,-0.001861736,0.5894122,0.001347616,0.8078292,-0.001861736,0.5894122,0.001347616,
7367905,0,8.926788,393.0584,0.05678081,398.6271,-0.002032,0.5750241,0.001239896,0.8181331,-0.002032,0.5750241,0.001239896,
7367905,0,9.042912,392.9511,0.05692018,398.6168,-0.002042196,0.5687008,0.001245163,0.822541,-0.002042196,0.5687008,0.001245163,
7367905,0,9.136185,392.8701,0.05713583,398.6078,-0.002045353,0.5637838,0.001275495,0.8259189,-0.002045353,0.5637838,0.001275495,
7367905,0,9.2462,392.846,0.05736176,398.6049,-0.00205258,0.5623446,0.001285341,0.8268995,-0.00205258,0.5623446,0.001285341,
7367905,0,9.352857,392.878,0.05746086,398.6088,-0.002056294,0.5643778,0.001290049,0.8255131,-0.002056294,0.5643778,0.001290049,
7367905,0,9.43734,392.9619,0.05726465,398.6187,-0.002051028,0.5695646,0.001315452,0.8219429,-0.002051028,0.5695646,0.001315452,
7367905,0,9.548584,393.0933,0.05702488,398.6323,-0.002035651,0.5776184,0.001340531,0.8163033,-0.002035651,0.5776184,0.001340531,
7367905,0,9.633302,393.2735,0.05683789,398.6471,-0.002013109,0.5884821,0.001352251,0.8085066,-0.002013109,0.5884821,0.001352251,
7367905,0,9.753018,393.5017,0.05667128,398.6592,-0.001989329,0.6017315,0.00137455,0.7986948,-0.001989329,0.6017315,0.00137455,
7367905,0,9.841844,393.7782,0.05649919,398.6637,-0.0019582,0.617928,0.00140126,0.786231,-0.0019582,0.617928,0.00140126,
7367905,0,9.945724,394.1073,0.05630437,398.6551,-0.001914326,0.6369253,0.001419403,0.7709218,-0.001914326,0.6369253,0.001419403,
7367905,0,10.03156,394.5765,0.05604136,398.6165,-0.001855351,0.6634614,0.001445606,0.7482069,-0.001855351,0.6634614,0.001445606,
7367905,0,10.14763,394.9355,0.05585727,398.5674,-0.001796403,0.6829916,0.001490362,0.7304226,-0.001796403,0.6829916,0.001490362,
7367905,0,10.22811,395.5484,0.05700039,398.4749,-0.001529851,0.7091541,0.001641572,0.7050501,-0.001529851,0.7091541,0.001641572,
7367905,0,10.33722,396.0062,0.05680661,398.4012,-0.001585648,0.7239274,0.001656398,0.6898723,-0.001585648,0.7239274,0.001656398,
7367905,0,10.4365,396.6191,0.05595288,398.256,-0.001812667,0.7468343,0.001510657,0.665006,-0.001812667,0.7468343,0.001510657,
7367905,0,10.54031,397.2652,0.05573754,398.0293,-0.00168412,0.7750018,0.001597196,0.6319548,-0.00168412,0.7750018,0.001597196,
7367905,0,10.64808,397.9552,0.05563082,397.747,-0.001312143,0.7997177,0.001834594,0.600372,-0.001312143,0.7997177,0.001834594,
7367905,0,10.72843,398.8538,0.05533881,397.3661,-0.001120304,0.8190255,0.001948781,0.5737528,-0.001120304,0.8190255,0.001948781,
7367905,0,10.83874,399.4989,0.05515675,397.1007,-0.001112154,0.8251931,0.001956261,0.5648463,-0.001112154,0.8251931,0.001956261,
7367905,0,10.93578,400.3548,0.05495773,396.7519,-0.001215937,0.8289027,0.001879222,0.5593883,-0.001215937,0.8289027,0.001879222,
7367905,0,11.05087,401.2634,0.05475149,396.3795,-0.001247974,0.8307189,0.00184612,0.5566877,-0.001247974,0.8307189,0.00184612,
7367905,0,11.14903,402.2239,0.05454101,395.9828,-0.001235971,0.8316697,0.001843758,0.5552664,-0.001235971,0.8316697,0.001843758,
7367905,0,11.2408,403.2357,0.05433545,395.5621,-0.001238697,0.8322801,0.001832656,0.5543511,-0.001238697,0.8322801,0.001832656,
7367905,0,11.3447,404.286,0.05413797,395.0938,-0.001446875,0.8369163,0.001702033,0.5473263,-0.001446875,0.8369163,0.001702033,
7367905,0,11.44327,405.3457,0.05396966,394.5353,-0.001555098,0.850283,0.001667209,0.5263209,-0.001555098,0.850283,0.001667209,
7367905,0,11.54119,406.4156,0.05379518,393.8887,-0.001174429,0.8658451,0.001868986,0.5003074,-0.001174429,0.8658451,0.001868986,
7367905,0,11.63774,407.5154,0.05358038,393.1869,-0.0009077189,0.8761358,0.001989193,0.4820596,-0.0009077189,0.8761358,0.001989193,
7367905,0,11.73697,408.6508,0.0533793,392.4411,-0.0009944002,0.8818257,0.001930885,0.4715706,-0.0009944002,0.8818257,0.001930885,
7367905,0,11.84292,409.8214,0.05319131,391.6519,-0.00104224,0.8851637,0.001899816,0.4652748,-0.00104224,0.8851637,0.001899816,
7367905,0,11.93958,411.028,0.05300198,390.8217,-0.001023178,0.8872035,0.001902677,0.4613734,-0.001023178,0.8872035,0.001902677,
7367905,0,12.03674,412.2715,0.0528116,389.9531,-0.001009212,0.8884822,0.001901172,0.4589063,-0.001009212,0.8884822,0.001901172,
7367905,0,12.13463,413.5418,0.05262571,389.0348,-0.001173745,0.891541,0.001816556,0.452935,-0.001173745,0.891541,0.001816556,
7367905,0,12.24684,414.8116,0.05245883,388.037,-0.001166372,0.899305,0.001825415,0.4373166,-0.001166372,0.899305,0.001825415,
7367905,0,12.34918,416.0988,0.05227973,386.9803,-0.0008408095,0.9053001,0.001963168,0.4247671,-0.0008408095,0.9053001,0.001963168,
7367905,0,12.44445,417.4098,0.05209067,385.874,-0.0008700912,0.9090937,0.001935735,0.4165863,-0.0008700912,0.9090937,0.001935735,
7367905,0,12.5412,418.7459,0.05190979,384.7205,-0.0009101877,0.9115622,0.001910485,0.4111569,-0.0009101877,0.9115622,0.001910485,
7367905,0,12.6445,420.1011,0.05173497,383.5151,-0.001023168,0.9144447,0.001858786,0.4047053,-0.001023168,0.9144447,0.001858786,
7367905,0,12.75232,421.4297,0.05158035,382.2195,-0.001291995,0.9230767,0.001775332,0.3846097,-0.001291995,0.9230767,0.001775332,
7367905,0,12.84809,422.6976,0.05144844,380.8084,-0.001045284,0.9357803,0.001877941,0.3525772,-0.001045284,0.9357803,0.001877941,
7367905,0,12.94551,423.9286,0.05127183,379.3029,-0.0006318198,0.9454702,0.002000183,0.3257023,-0.0006318198,0.9454702,0.002000183,
7367905,0,13.04154,425.1396,0.05108568,377.7213,-0.0006654146,0.9515507,0.001971998,0.3074848,-0.0006654146,0.9515507,0.001971998,
7367905,0,13.13879,426.3362,0.05091697,376.0707,-0.0007182579,0.9554795,0.001950331,0.29505,-0.0007182579,0.9554795,0.001950331,
7367905,0,13.24954,427.523,0.05075444,374.3567,-0.0007337195,0.9582883,0.001944125,0.2857958,-0.0007337195,0.9582883,0.001944125,
7367905,0,13.34737,428.6639,0.05060079,372.5626,-0.001010849,0.9634883,0.001882166,0.2677421,-0.001010849,0.9634883,0.001882166,
7367905,0,13.43651,429.7304,0.0504639,370.6759,-0.0007511069,0.9702096,0.001950406,0.2422584,-0.0007511069,0.9702096,0.001950406,
7367905,0,13.55116,430.7485,0.05029871,368.7119,-0.0004645237,0.9749749,0.002003357,0.2223053,-0.0004645237,0.9749749,0.002003357,
7367905,0,13.64607,431.7312,0.05012893,366.6805,-0.0005103822,0.9780714,0.001981795,0.2082601,-0.0005103822,0.9780714,0.001981795,
7367905,0,13.72891,432.8696,0.04993995,364.1602,-0.0006047785,0.9807793,0.001960106,0.1951097,-0.0006047785,0.9807793,0.001960106,
7367905,0,13.8349,433.5756,0.0498246,362.4229,-0.0008149573,0.9837082,0.001934834,0.1797605,-0.0008149573,0.9837082,0.001934834,
7367905,0,13.9342,434.3578,0.04970055,360.1778,-0.0006635052,0.988478,0.001971073,0.1513508,-0.0006635052,0.988478,0.001971073,
7367905,0,14.04743,435.0562,0.04954939,357.8609,-0.0002987707,0.9918001,0.002007917,0.1277832,-0.0002987707,0.9918001,0.002007917,
7367905,0,14.15035,435.6896,0.04938515,355.4817,-0.000325467,0.9938309,0.00199163,0.1108874,-0.000325467,0.9938309,0.00199163,
7367905,0,14.24685,436.2694,0.04923305,353.046,-0.0003511987,0.9951031,0.001984894,0.09882185,-0.0003511987,0.9951031,0.001984894,
7367905,0,14.34726,436.806,0.04908774,350.5583,-0.0003180543,0.9959255,0.001985997,0.09015671,-0.0003180543,0.9959255,0.001985997,
7367905,0,14.44662,437.3084,0.04894099,348.0219,-0.0002882916,0.996474,0.001983725,0.08387931,-0.0002882916,0.996474,0.001983725,
7367905,0,14.53043,437.8768,0.04876448,344.9174,-0.0002596892,0.9969104,0.001979187,0.07852218,-0.0002596892,0.9969104,0.001979187,
7367905,0,14.63376,438.2396,0.04864856,342.8124,-0.0002416459,0.9971147,0.001976319,0.07588484,-0.0002416459,0.9971147,0.001976319,
7367905,0,14.7366,438.6788,0.04850509,340.1426,-0.0002339291,0.9973181,0.001971714,0.07316212,-0.0002339291,0.9973181,0.001971714,
7367905,0,14.84695,439.069,0.04836922,337.4282,-0.0005092185,0.9980738,0.001963399,0.062005,-0.0005092185,0.9980738,0.001963399,
7367905,0,14.93678,439.3669,0.04826164,334.6711,-0.0002916142,0.9990899,0.002003945,0.04260717,-0.0002916142,0.9990899,0.002003945,
7367905,0,15.03361,439.593,0.04820435,331.8897,-7.027545E-05,0.9996329,0.002076567,0.02701535,-7.027545E-05,0.9996329,0.002076567,
7367905,0,15.14728,439.7584,0.04822999,329.1068,-0.0001253086,0.999879,0.002154246,0.01540595,-0.0001253086,0.999879,0.002154246,
7367905,0,15.25013,439.8701,0.04833647,326.344,-0.0001767743,0.9999784,0.002225205,0.006184408,-0.0001767743,0.9999784,0.002225205,
7367905,0,15.33587,439.8919,0.04847057,323.6118,-0.0004473589,0.9999288,0.002256982,-0.01171207,-0.0004473589,0.9999288,0.002256982,
7367905,0,15.44788,439.7465,0.04861671,320.9251,-0.0005405362,0.9988751,0.002311431,-0.04735866,-0.0005405362,0.9988751,0.002311431,
7367905,0,15.54394,439.3707,0.04879748,318.3075,-0.0004203845,0.9950821,0.002353579,-0.0990248,-0.0004203845,0.9950821,0.002353579,
7367905,0,15.64474,438.7447,0.04890427,315.7645,-7.820778E-05,0.9879067,0.002246268,-0.155033,-7.820778E-05,0.9879067,0.002246268,
7367905,0,15.74653,437.8806,0.0488633,313.2941,-0.0001069936,0.9780748,0.002176419,-0.2082427,-0.0001069936,0.9780748,0.002176419,
7367905,0,15.83459,436.7358,0.0488012,310.9333,-0.0002825573,0.9630566,0.002221711,-0.2692897,-0.0002825573,0.9630566,0.002221711,
7367905,0,15.93539,435.2857,0.04875128,308.727,-0.0001266448,0.9414908,0.002217457,-0.3370315,-0.0001266448,0.9414908,0.002217457,
7367905,0,16.03424,433.5428,0.04865043,306.7045,0.000255434,0.9157234,0.002084442,-0.4018039,0.000255434,0.9157234,0.002084442,
7367905,0,16.14743,431.5708,0.04850197,304.8502,0.0005611098,0.8927844,0.001944922,-0.4504798,0.0005611098,0.8927844,0.001944922,
7367905,0,16.24984,429.4234,0.04836057,303.1436,0.0005522803,0.8747776,0.001949415,-0.4845205,0.0005522803,0.8747776,0.001949415,
7367905,0,16.33384,427.1375,0.04823649,301.5652,0.000581331,0.8611107,0.001943655,-0.5084135,0.000581331,0.8611107,0.001943655,
7367905,0,16.44687,424.7406,0.04811635,300.0929,0.0006666938,0.8509225,0.001902662,-0.5252874,0.0006666938,0.8509225,0.001902662,
7367905,0,16.54451,422.2531,0.04799021,298.7057,0.0007435717,0.843393,0.001855441,-0.5372934,0.0007435717,0.843393,0.001855441,
7367905,0,16.64336,419.6898,0.04786001,297.3847,0.0008081914,0.8378325,0.001810692,-0.5459238,0.0008081914,0.8378325,0.001810692,
7367905,0,16.75198,417.0611,0.04772982,296.1142,0.0008640048,0.8337052,0.001770355,-0.5522062,0.0008640048,0.8337052,0.001770355,
7367905,0,16.83873,414.3747,0.04759884,294.8813,0.0009127362,0.8306439,0.001733422,-0.5568007,0.0009127362,0.8306439,0.001733422,
7367905,0,16.93985,411.6364,0.04745213,293.676,0.0009568122,0.8283263,0.001706638,-0.5602425,0.0009568122,0.8283263,0.001706638,
7367905,0,17.0371,408.8506,0.04734084,292.4903,0.0009730884,0.8265589,0.001680903,-0.562847,0.0009730884,0.8265589,0.001680903,
7367905,0,17.13347,406.0203,0.04721176,291.3179,0.0009960306,0.8251939,0.001659095,-0.5648462,0.0009960306,0.8251939,0.001659095,
7367905,0,17.2476,403.1482,0.04708037,290.1541,0.00101478,0.8241298,0.001641788,-0.5663977,0.00101478,0.8241298,0.001641788,
7367905,0,17.32885,399.6541,0.04692857,288.7524,0.00115461,0.8250119,0.001542509,-0.5651121,0.00115461,0.8250119,0.001542509,
7367905,0,17.4351,397.3205,0.04683713,287.7629,0.001398723,0.8324972,0.001397624,-0.5540257,0.001398723,0.8324972,0.001397624,
7367905,0,17.54804,394.4553,0.04676536,286.3698,0.001550412,0.8533251,0.00137113,-0.521375,0.001550412,0.8533251,0.00137113,
7367905,0,17.64988,391.7132,0.04673081,284.7195,0.001512393,0.8832461,0.0014503,-0.4689051,0.001512393,0.8832461,0.0014503,
7367905,0,17.74841,389.1515,0.04664873,282.7621,0.001263015,0.9140714,0.00156042,-0.4055484,0.001263015,0.9140714,0.00156042,
7367905,0,17.83297,386.323,0.08210294,280.0604,-0.00774723,0.9401487,0.01636445,-0.3402832,-0.00774723,0.9401487,0.01636445,
7367905,0,17.94166,384.5778,0.1499567,278.0894,-0.01841536,0.9496279,0.02497648,-0.3118397,-0.01841536,0.9496279,0.02497648,
7367905,0,18.04731,382.5171,0.2169304,275.5071,-0.02501177,0.9571626,0.01746266,-0.2879399,-0.02501177,0.9571626,0.01746266,
7367905,0,18.14472,380.5507,0.2313396,272.8239,-0.03026059,0.9633424,0.01685222,-0.2660296,-0.03026059,0.9633424,0.01685222,
7367905,0,18.24455,378.6778,0.2286267,270.0277,-0.03221864,0.9678661,0.01148396,-0.2491294,-0.03221864,0.9678661,0.01148396,
7367905,0,18.3521,376.8846,0.1872635,267.1499,-0.0322712,0.9708634,0.001979016,-0.2374423,-0.0322712,0.9708634,0.001979016,
7367905,0,18.44996,375.1539,0.09589911,264.206,-0.03017963,0.97361,-0.004560851,-0.2261678,-0.03017963,0.97361,-0.004560851,
7367905,0,18.5511,373.5019,0.02187039,261.1751,0.0003839197,0.976912,-0.004984729,-0.2135835,0.0003839197,0.976912,-0.004984729,
7367905,0,18.63702,371.9371,0.03199806,258.0514,0.006787352,0.9788935,0.00301148,-0.2042362,0.006787352,0.9788935,0.00301148,
7367905,0,18.7396,370.4671,0.05192324,254.8617,0.0001152615,0.9817879,0.003225252,-0.1899529,0.0001152615,0.9817879,0.003225252,
7367905,0,18.83914,369.081,0.04791181,251.6042,-3.541096E-05,0.9844396,0.001749992,-0.1757154,-3.541096E-05,0.9844396,0.001749992,
7367905,0,18.93257,367.5117,0.06272304,247.6091,-0.003041795,0.9866865,0.008120894,-0.1624023,-0.003041795,0.9866865,0.008120894,
7367905,0,19.03474,366.5231,0.1184905,244.9085,-0.01024694,0.9875733,0.01493091,-0.1561125,-0.01024694,0.9875733,0.01493091,
7367905,0,19.15166,365.3329,0.1943672,241.5216,-0.02230505,0.988176,0.0173143,-0.150701,-0.02230505,0.988176,0.0173143,
7367905,0,19.23635,364.2218,0.2748246,238.1327,-0.03666253,0.9894338,0.02016571,-0.1388164,-0.03666253,0.9894338,0.02016571,
7367905,0,19.33621,363.2419,0.3391501,234.7462,-0.04900314,0.9916294,0.016171,-0.1183571,-0.04900314,0.9916294,0.016171,
7367905,0,19.4415,362.3683,0.3454772,231.3692,-0.05271473,0.9934616,0.008084834,-0.1009444,-0.05271473,0.9934616,0.008084834,
7367905,0,19.54031,361.5932,0.2871384,228.0055,-0.04834768,0.9950244,-0.004255891,-0.08701158,-0.04834768,0.9950244,-0.004255891,
7367905,0,19.64385,360.9069,0.1882388,224.6592,-0.0366882,0.9966605,-0.00734669,-0.07258139,-0.0366882,0.9966605,-0.00734669,
7367905,0,19.74504,360.3694,0.108895,221.3272,-0.02299582,0.9984944,-0.007072136,-0.04929514,-0.02299582,0.9984944,-0.007072136,
7367905,0,19.84234,360.0101,0.06751558,218.0103,-0.01158065,0.9996838,-0.0004478395,-0.02231929,-0.01158065,0.9996838,-0.0004478395,
7367905,0,19.94685,359.7905,0.05448436,214.716,-0.003412841,0.9999848,-0.0007384494,-0.004268716,-0.003412841,0.9999848,-0.0007384494,
7367905,0,20.03568,359.6733,0.04184686,211.4514,0.001623564,0.9999491,0.00138367,0.009865244,0.001623564,0.9999491,0.00138367,
7367905,0,20.1369,359.6457,0.04426864,208.2198,0.0009419654,0.9997963,0.002971567,0.01994274,0.0009419654,0.9997963,0.002971567,
7367905,0,20.23925,359.6841,0.0480279,205.0266,-0.0001207059,0.9996342,0.002327986,0.02694542,-0.0001207059,0.9996342,0.002327986,
7367905,0,20.3366,359.769,0.0475128,201.9359,6.231439E-05,0.9994835,0.002384871,0.03205037,6.231439E-05,0.9994835,0.002384871,
7367905,0,20.44608,359.8891,0.047352,198.9491,0.0001055639,0.9993606,0.002452649,0.03567084,0.0001055639,0.9993606,0.002452649,
7367905,0,20.54428,360.0063,0.04791945,196.0645,-0.000204382,0.9995126,0.002457179,0.03112413,-0.000204382,0.9995126,0.002457179,
7367905,0,20.64156,360.0304,0.04839713,193.2844,-0.0004245288,0.9999712,0.002503395,0.007159711,-0.0004245288,0.9999712,0.002503395,
7367905,0,20.74227,359.8883,0.04876674,190.6193,-0.0003088719,0.999402,0.002563097,-0.03448142,-0.0003088719,0.999402,0.002563097,
7367905,0,20.84117,359.5435,0.04918184,188.0909,-0.0001817315,0.9962194,0.002611555,-0.08683368,-0.0001817315,0.9962194,0.002611555,
7367905,0,20.95259,358.9817,0.04961642,185.7218,-0.0001179859,0.9894655,0.002639048,-0.1447447,-0.0001179859,0.9894655,0.002639048,
7367905,0,21.03535,358.2088,0.05003242,183.5354,-1.88544E-05,0.9789084,0.002664492,-0.2042826,-1.88544E-05,0.9789084,0.002664492,
7367905,0,21.14738,357.2469,0.05044476,181.5519,0.0001151779,0.964911,0.002684571,-0.2625631,0.0001151779,0.964911,0.002684571,
7367905,0,21.2331,355.8888,0.0509371,179.4581,0.0002930202,0.9445016,0.002691418,-0.3284959,0.0002930202,0.9445016,0.002691418,
7367905,0,21.35205,354.8889,0.0512596,178.2408,0.0004156853,0.9292174,0.002685711,-0.3695236,0.0004156853,0.9292174,0.002685711,
7367905,0,21.4393,353.5647,0.0516564,176.9199,0.0005700424,0.9086033,0.002669111,-0.4176514,0.0005700424,0.9086033,0.002669111,
7367905,0,21.5361,352.1888,0.05204697,175.8184,0.0007230389,0.8864144,0.002642967,-0.4628844,0.0007230389,0.8864144,0.002642967,
7367905,0,21.65283,350.7901,0.05242954,174.9296,0.0008741003,0.8625041,0.002606198,-0.5060427,0.0008741003,0.8625041,0.002606198,
7367905,0,21.74795,349.3964,0.05281125,174.2445,0.001032521,0.8368719,0.002555631,-0.5473917,0.001032521,0.8368719,0.002555631,
7367905,0,21.85236,347.9864,0.05303913,173.7505,0.0009614545,0.8067882,0.002396181,-0.5908352,0.0009614545,0.8067882,0.002396181,
7367905,0,21.94469,346.562,0.05308781,173.457,0.001064709,0.7692858,0.002319686,-0.6388998,0.001064709,0.7692858,0.002319686,
7367905,0,22.0526,345.1477,0.053233,173.3793,0.00124439,0.7231911,0.002283797,-0.6906431,0.00124439,0.7231911,0.002283797,
7367905,0,22.15195,343.7664,0.05336887,173.5298,0.001364792,0.6674619,0.002180696,-0.7446395,0.001364792,0.6674619,0.002180696,
7367905,0,22.23803,342.4377,0.05336405,173.9187,0.001463824,0.6014641,0.002012051,-0.7988959,0.001463824,0.6014641,0.002012051,
7367905,0,22.3381,341.1746,0.05325435,174.5388,0.001628889,0.5299619,0.001660831,-0.8480182,0.001628889,0.5299619,0.001660831,
7367905,0,22.44453,339.9595,0.05304009,175.3419,0.001904889,0.4676876,0.001040965,-0.8838912,0.001904889,0.4676876,0.001040965,
7367905,0,22.54534,338.751,0.05284723,176.2362,0.002096892,0.4332478,0.0006793253,-0.9012721,0.002096892,0.4332478,0.0006793253,
7367905,0,22.64507,337.5185,0.05273721,177.1546,0.002168325,0.4276919,0.000675261,-0.9039217,0.002168325,0.4276919,0.000675261,
7367905,0,22.74669,336.2408,0.05273539,178.0224,0.002285455,0.4481215,0.0007093289,-0.8939694,0.002285455,0.4481215,0.0007093289,
7367905,0,22.85148,334.892,0.05277566,178.7812,0.002269116,0.4893426,0.0007294341,-0.8720885,0.002269116,0.4893426,0.0007294341,
7367905,0,22.93737,333.4425,0.05262662,179.4174,0.001980107,0.5393111,0.0009383707,-0.8421037,0.001980107,0.5393111,0.0009383707,
7367905,0,23.03788,331.8969,0.05236837,179.9489,0.001728286,0.5831159,0.001216523,-0.8123863,0.001728286,0.5831159,0.001216523,
7367905,0,23.1367,330.2849,0.05218931,180.4338,0.00152346,0.6070783,0.001536734,-0.7946391,0.00152346,0.6070783,0.001536734,
7367905,0,23.23587,328.6372,0.05207034,180.941,0.00149785,0.6079493,0.0016267,-0.7939728,0.00149785,0.6079493,0.0016267,
7367905,0,23.34019,326.9832,0.05195683,181.5366,0.001523384,0.5872493,0.001642026,-0.809403,0.001523384,0.5872493,0.001642026,
7367905,0,23.44779,325.3597,0.05185451,182.2823,0.001562611,0.5465006,0.001639873,-0.8374556,0.001562611,0.5465006,0.001639873,
7367905,0,23.54489,323.7932,0.05172416,183.2175,0.001675722,0.492088,0.001403984,-0.8705428,0.001675722,0.492088,0.001403984,
7367905,0,23.64489,322.2846,0.05152759,184.327,0.001835711,0.4396191,0.00103271,-0.8981818,0.001835711,0.4396191,0.00103271,
7367905,0,23.74493,320.8177,0.05133588,185.5686,0.001920557,0.4012312,0.0008328967,-0.9159744,0.001920557,0.4012312,0.0008328967,
7367905,0,23.84301,319.3809,0.05116963,186.9154,0.001884234,0.3756967,0.0009044334,-0.9267403,0.001884234,0.3756967,0.0009044334,
7367905,0,23.94925,317.9665,0.05100316,188.3519,0.001877195,0.3585856,0.0009128003,-0.9334945,0.001877195,0.3585856,0.0009128003,
7367905,0,24.04632,316.5652,0.05083599,189.8649,0.00189231,0.347085,0.000865545,-0.9378315,0.00189231,0.347085,0.000865545,
7367905,0,24.14556,315.1688,0.05067071,191.4438,0.001900872,0.3392836,0.0008268654,-0.9406819,0.001900872,0.3392836,0.0008268654,
7367905,0,24.24612,313.7706,0.05050661,193.0812,0.001905897,0.3339168,0.0007946044,-0.9426003,0.001905897,0.3339168,0.0007946044,
7367905,0,24.34386,312.3651,0.05034395,194.7711,0.001909788,0.3301656,0.0007654615,-0.9439208,0.001909788,0.3301656,0.0007654615,
7367905,0,24.43551,310.948,0.05018283,196.5092,0.001911873,0.3275025,0.0007411726,-0.9448481,0.001911873,0.3275025,0.0007411726,
7367905,0,24.54427,309.5164,0.05002312,198.2922,0.001912193,0.3255844,0.0007214696,-0.9455108,0.001912193,0.3255844,0.0007214696,
7367905,0,24.64253,308.0676,0.04986483,200.1175,0.001911203,0.3241844,0.000705421,-0.9459918,0.001911203,0.3241844,0.000705421,
7367905,0,24.74724,306.5985,0.04970813,201.9818,0.00192241,0.3237637,0.0006553419,-0.9461358,0.00192241,0.3237637,0.0006553419,
7367905,0,24.84486,305.0743,0.0495602,203.8535,0.002032899,0.3339525,0.0003706217,-0.9425877,0.002032899,0.3339525,0.0003706217,
7367905,0,24.94841,303.4641,0.0494267,205.7043,0.001942297,0.3526351,0.00060362,-0.9357588,0.001942297,0.3526351,0.00060362,
7367905,0,25.04521,301.7852,0.04927179,207.5502,0.001847542,0.3671771,0.000806775,-0.9301489,0.001847542,0.3671771,0.000806775,
7367905,0,25.14372,300.0439,0.04911449,209.395,0.00186948,0.3778036,0.0007253177,-0.9258837,0.00186948,0.3778036,0.0007253177,
7367905,0,25.2436,298.2451,0.04896631,211.2417,0.001875147,0.3855994,0.0007013566,-0.9226641,0.001875147,0.3855994,0.0007013566,
7367905,0,25.34085,296.3935,0.04882126,213.0932,0.001864874,0.3913405,0.00071555,-0.9202439,0.001864874,0.3913405,0.00071555,
7367905,0,25.4448,294.493,0.04867548,214.9527,0.001855276,0.3955897,0.0007237456,-0.9184251,0.001855276,0.3955897,0.0007237456,
7367905,0,25.53806,292.5475,0.04853062,216.823,0.001845794,0.3987577,0.0007312894,-0.9170542,0.001845794,0.3987577,0.0007312894,
7367905,0,25.64886,290.5601,0.04838787,218.7063,0.001836004,0.4011396,0.0007402711,-0.9160149,0.001836004,0.4011396,0.0007402711,
7367905,0,25.74809,288.5331,0.0482467,220.6046,0.001826547,0.4029461,0.0007485226,-0.9152216,0.001826547,0.4029461,0.0007485226,
7367905,0,25.85066,286.4689,0.04810674,222.5197,0.00181753,0.4043275,0.0007554403,-0.9146121,0.00181753,0.4043275,0.0007554403,
7367905,0,25.93575,284.3692,0.04796812,224.4527,0.00180907,0.4053924,0.0007612035,-0.9141406,0.00180907,0.4053924,0.0007612035,
7367905,0,26.03441,282.2356,0.04783095,226.4048,0.001801168,0.4062194,0.0007658526,-0.9137735,0.001801168,0.4062194,0.0007658526,
7367905,0,26.14802,280.0694,0.04769522,228.3768,0.001793767,0.4068659,0.0007694921,-0.9134858,0.001793767,0.4068659,0.0007694921,
7367905,0,26.2484,277.8716,0.04756079,230.3693,0.001786795,0.4073748,0.0007722043,-0.913259,0.001786795,0.4073748,0.0007722043,
7367905,0,26.34558,275.6433,0.04742773,232.3826,0.001780206,0.4077774,0.0007741749,-0.9130794,0.001780206,0.4077774,0.0007741749,
7367905,0,26.45049,273.3852,0.04729613,234.4173,0.001773988,0.408098,0.0007754677,-0.9129362,0.001773988,0.408098,0.0007754677,
7367905,0,26.55123,271.0981,0.0471658,236.4736,0.001768087,0.4083542,0.0007762462,-0.9128215,0.001768087,0.4083542,0.0007762462,
7367905,0,26.63527,268.7827,0.04703687,238.5515,0.001762401,0.4085601,0.0007765479,-0.9127294,0.001762401,0.4085601,0.0007765479,
7367905,0,26.73646,266.4394,0.04690923,240.6512,0.001756953,0.4087261,0.0007764772,-0.9126551,0.001756953,0.4087261,0.0007764772,
7367905,0,26.85202,264.0688,0.04678287,242.7727,0.001751689,0.4088607,0.0007760972,-0.9125949,0.001751689,0.4088607,0.0007760972,
7367905,0,26.9346,261.6714,0.04665788,244.9161,0.001746604,0.40897,0.0007754602,-0.9125459,0.001746604,0.40897,0.0007754602,
7367905,0,27.03683,259.2477,0.04653421,247.0811,0.001741674,0.4090593,0.000774622,-0.9125059,0.001741674,0.4090593,0.000774622,
7367905,0,27.13447,256.798,0.04641172,249.2679,0.001736901,0.4091323,0.0007736236,-0.9124731,0.001736901,0.4091323,0.0007736236,
7367905,0,27.23535,254.3227,0.04629051,251.4762,0.001732186,0.4091923,0.0007724798,-0.9124462,0.001732186,0.4091923,0.0007724798,
7367905,0,27.33569,251.8207,0.04617066,253.7042,0.001746014,0.4098999,0.0007317327,-0.9121286,0.001746014,0.4098999,0.0007317327,
7367905,0,27.44199,249.2607,0.04606029,255.9115,0.001862965,0.4206208,0.0004980601,-0.9072345,0.001862965,0.4206208,0.0004980601,
7367905,0,27.53998,246.6221,0.0459562,258.0735,0.001726306,0.4350865,0.000770472,-0.9003867,0.001726306,0.4350865,0.000770472,
7367905,0,27.63844,243.9161,0.04583585,260.2026,0.001682451,0.4464938,0.0008359068,-0.8947848,0.001682451,0.4464938,0.0008359068,
7367905,0,27.74323,241.1479,0.04571681,262.3031,0.001706757,0.4553734,0.0007749051,-0.8902987,0.001706757,0.4553734,0.0007749051,
7367905,0,27.84308,238.3229,0.04560468,264.3799,0.001706123,0.462281,0.0007712208,-0.8867316,0.001706123,0.462281,0.0007712208,
7367905,0,27.94823,235.4457,0.04549394,266.4375,0.001696844,0.4676743,0.0007822736,-0.8838989,0.001696844,0.4676743,0.0007822736,
7367905,0,28.04555,232.5206,0.04538277,268.4804,0.00168823,0.4719026,0.0007897168,-0.8816488,0.00168823,0.4719026,0.0007897168,
7367905,0,28.14205,229.5512,0.04527264,270.5126,0.001678768,0.4752354,0.0007987209,-0.8798568,0.001678768,0.4752354,0.0007987209,
7367905,0,28.24146,226.5407,0.04516398,272.5375,0.001668799,0.4778787,0.000808861,-0.8784238,0.001668799,0.4778787,0.000808861,
7367905,0,28.33943,223.4917,0.04505638,274.5585,0.001659091,0.4799886,0.0008184202,-0.8772728,0.001659091,0.4799886,0.0008184202,
7367905,0,28.44183,220.4065,0.04494966,276.578,0.001649711,0.4816829,0.0008270927,-0.8763437,0.001649711,0.4816829,0.0008270927,
7367905,0,28.53788,217.2871,0.044844,278.5984,0.001640858,0.4830517,0.0008347891,-0.8755899,0.001640858,0.4830517,0.0008347891,
7367905,0,28.63926,214.1386,0.04473948,280.6269,0.001589079,0.4826245,0.0009236933,-0.8758255,0.001589079,0.4826245,0.0009236933,
7367905,0,28.74082,211.0073,0.04464866,282.7261,0.001446782,0.4685777,0.00122432,-0.8834202,0.001446782,0.4685777,0.00122432,
7367905,0,28.84418,207.9311,0.04456775,284.9489,0.00159964,0.4467926,0.0009164363,-0.8946357,0.00159964,0.4467926,0.0009164363,
7367905,0,28.93614,204.9175,0.04446264,287.2999,0.001562719,0.4230839,0.0009793416,-0.9060887,0.001562719,0.4230839,0.0009793416,
7367905,0,29.04789,202.0416,0.04438401,289.8436,0.001439182,0.3842013,0.001365386,-0.9232472,0.001439182,0.3842013,0.001365386,
7367905,0,29.14961,199.4063,0.04437447,292.6444,0.001523603,0.3276879,0.00138852,-0.9447838,0.001523603,0.3276879,0.00138852,
7367905,0,29.25064,197.109,0.0443927,295.7267,0.001641661,0.2582593,0.001301115,-0.9660734,0.001641661,0.2582593,0.001301115,
7367905,0,29.34935,195.2303,0.04441739,299.0726,0.00172373,0.181582,0.001245772,-0.9833735,0.00172373,0.181582,0.001245772,
7367905,0,29.44328,193.8281,0.04444376,302.6344,0.00180464,0.1019433,0.001165156,-0.9947879,0.00180464,0.1019433,0.001165156,
7367905,0,29.5471,192.9426,0.05381029,306.343,0.004971222,0.01922,-0.002261316,-0.9998004,0.004971222,0.01922,-0.002261316,
7367905,0,29.64902,192.5605,0.07785866,310.1141,0.0052436,-0.0618422,-0.01155776,-0.9980053,0.0052436,-0.0618422,-0.01155776,
7367905,0,29.75264,192.6476,0.07576961,313.8725,0.003406783,-0.1407758,-0.01177072,-0.9899657,0.003406783,-0.1407758,-0.01177072,
7367905,0,29.85185,193.2587,0.0924887,317.5338,0.004709689,-0.2178231,-0.01666037,-0.9758348,0.004709689,-0.2178231,-0.01666037,
7367905,0,29.94367,194.3537,0.1399262,321.013,0.008908687,-0.2913666,-0.02288871,-0.9562961,0.008908687,-0.2913666,-0.02288871,
7367905,0,30.03432,195.877,0.231925,324.252,0.01476678,-0.3562054,-0.03393199,-0.9336746,0.01476678,-0.3562054,-0.03393199,
7367905,0,30.14898,197.6902,0.3805709,327.2661,0.01862011,-0.3921273,-0.041926,-0.9187664,0.01862011,-0.3921273,-0.041926,
7367905,0,30.25247,199.5905,0.5632619,330.1539,0.01787343,-0.3921687,-0.05592735,-0.9180177,0.01787343,-0.3921687,-0.05592735,
7367905,0,30.35264,201.491,0.7398338,332.9759,0.01760134,-0.3781026,-0.07252354,-0.9227508,0.01760134,-0.3781026,-0.07252354,
7367905,0,30.45015,203.3473,0.9240107,335.761,0.01120953,-0.3468482,-0.07908452,-0.934514,0.01120953,-0.3468482,-0.07908452,
7367905,0,30.53661,205.0743,1.057443,338.5786,-0.001679197,-0.306035,-0.08623364,-0.9481053,-0.001679197,-0.306035,-0.08623364,
7367905,0,30.63555,206.6578,1.114835,341.4359,-0.01178702,-0.2673411,-0.08874159,-0.9594346,-0.01178702,-0.2673411,-0.08874159,
7367905,0,30.73986,208.1579,1.100497,344.2967,-0.02202248,-0.2349841,-0.08298817,-0.9681996,-0.02202248,-0.2349841,-0.08298817,
7367905,0,30.83609,209.5182,1.005964,347.1865,-0.03545573,-0.2097045,-0.07384303,-0.9743276,-0.03545573,-0.2097045,-0.07384303,
7367905,0,30.93552,210.8077,0.8551235,350.0598,-0.04069185,-0.2018015,-0.08120403,-0.9752058,-0.04069185,-0.2018015,-0.08120403,
7367905,0,31.05171,212.0864,0.6352519,352.8958,-0.05736682,-0.2037046,-0.09540893,-0.9726822,-0.05736682,-0.2037046,-0.09540893,
7367905,0,31.13537,213.3593,0.3125175,355.6968,-0.07767026,-0.2073309,-0.1025819,-0.9697722,-0.07767026,-0.2073309,-0.1025819,
7367905,0,31.23881,214.6727,0.01681042,358.426,-0.0385485,-0.2340823,-0.03668553,-0.9707593,-0.0385485,-0.2340823,-0.03668553,
7367905,0,31.33767,216.1506,-0.03638891,361.0204,0.01575044,-0.2703942,0.02514359,-0.9622924,0.01575044,-0.2703942,0.02514359,
7367905,0,31.4348,217.7699,0.06099888,363.493,0.007124053,-0.3041248,-0.0002719313,-0.9526055,0.007124053,-0.3041248,-0.0002719313,
7367905,0,31.54297,219.4761,0.06327786,365.8674,0.001492258,-0.3382944,-0.003533479,-0.9410325,0.001492258,-0.3382944,-0.003533479,
7367905,0,31.64012,221.298,0.04249661,368.1114,0.001195296,-0.366069,0.0007557197,-0.9305866,0.001195296,-0.366069,0.0007557197,
7367905,0,31.73799,223.2128,0.04483519,370.2365,0.001859163,-0.3855004,-0.0002681129,-0.9227058,0.001859163,-0.3855004,-0.0002681129,
7367905,0,31.83818,225.1793,0.04936665,372.2733,0.002329392,-0.3992044,-0.0008910149,-0.9168586,0.002329392,-0.3992044,-0.0008910149,
7367905,0,31.93672,227.1897,0.04884601,374.2448,0.002159655,-0.40893,-0.0007341133,-0.912563,0.002159655,-0.40893,-0.0007341133,
7367905,0,32.04422,229.2473,0.04784663,376.1749,0.001889465,-0.4159212,-0.0006303749,-0.9093985,0.001889465,-0.4159212,-0.0006303749,
7367905,0,32.15105,231.3582,0.04785372,378.0854,0.00182254,-0.421049,-0.000662081,-0.9070358,0.00182254,-0.421049,-0.000662081,
7367905,0,32.23433,233.5231,0.04791529,379.99,0.001834535,-0.4248672,-0.000708621,-0.9052536,0.001834535,-0.4248672,-0.000708621,
7367905,0,32.33563,235.7375,0.04775748,381.8944,0.001823329,-0.427742,-0.0007341803,-0.9038987,0.001823329,-0.427742,-0.0007341803,
7367905,0,32.44282,237.9969,0.04758254,383.803,0.001798762,-0.4299325,-0.0007497929,-0.902859,0.001798762,-0.4299325,-0.0007497929,
7367905,0,32.5346,240.3034,0.04745362,385.7116,0.001835088,-0.4338617,-0.0006662384,-0.9009774,0.001835088,-0.4338617,-0.0006662384,
7367905,0,32.6487,242.6929,0.04735008,387.5639,0.002005447,-0.4512653,-0.0004000887,-0.8923876,0.002005447,-0.4512653,-0.0004000887,
7367905,0,32.75136,245.2128,0.04728074,389.2769,0.002001964,-0.4854319,-0.0004680678,-0.8742721,0.002001964,-0.4854319,-0.0004680678,
7367905,0,32.84554,247.8686,0.04716661,390.837,0.0017399,-0.5198113,-0.0008804761,-0.8542789,0.0017399,-0.5198113,-0.0008804761,
7367905,0,32.94307,250.6345,0.04701875,392.2704,0.001687531,-0.5454854,-0.0009315461,-0.8381181,0.001687531,-0.5454854,-0.0009315461,
7367905,0,33.04718,253.4928,0.04688887,393.5937,0.001728817,-0.5642478,-0.0008640811,-0.8256032,0.001728817,-0.5642478,-0.0008640811,
7367905,0,33.14415,256.4292,0.04677324,394.8231,0.00172081,-0.5780017,-0.0008836091,-0.8160334,0.00172081,-0.5780017,-0.0008836091,
7367905,0,33.24543,259.4327,0.04665595,395.9742,0.001695115,-0.588163,-0.0009198115,-0.8087402,0.001695115,-0.588163,-0.0009198115,
7367905,0,33.34741,262.4952,0.04653529,397.0611,0.001669151,-0.5957379,-0.0009495914,-0.8031767,0.001669151,-0.5957379,-0.0009495914,
7367905,0,33.44749,265.616,0.0464198,398.0707,0.00180013,-0.6065511,-0.0007903352,-0.7950421,0.00180013,-0.6065511,-0.0007903352,
7367905,0,33.53514,268.8049,0.04632824,398.948,0.001762377,-0.6251546,-0.0008582846,-0.7804986,0.001762377,-0.6251546,-0.0008582846,
7367905,0,33.64759,272.0565,0.04621821,399.7084,0.001550334,-0.6408272,-0.001105428,-0.7676829,0.001550334,-0.6408272,-0.001105428,
7367905,0,33.74934,275.362,0.0460925,400.3719,0.001553522,-0.6525468,-0.001087837,-0.7577461,0.001553522,-0.6525468,-0.001087837,
7367905,0,33.8465,278.7152,0.04597555,400.9529,0.00156136,-0.6613373,-0.001075692,-0.7500862,0.00156136,-0.6613373,-0.001075692,
7367905,0,33.94563,282.1115,0.04586517,401.4642,0.001536632,-0.6679919,-0.001102827,-0.7441662,0.001536632,-0.6679919,-0.001102827,
7367905,0,34.05019,285.5474,0.04575341,401.9172,0.001511789,-0.6730753,-0.001126051,-0.7395716,0.001511789,-0.6730753,-0.001126051,
7367905,0,34.14878,289.0205,0.04564061,402.3217,0.001489308,-0.676993,-0.001144812,-0.7359871,0.001489308,-0.676993,-0.001144812,
7367905,0,34.25043,292.529,0.04552916,402.6857,0.001467546,-0.6800406,-0.00116279,-0.7331722,0.001467546,-0.6800406,-0.00116279,
7367905,0,34.33297,296.7839,0.0453968,403.0789,0.00144378,-0.6828473,-0.001181632,-0.7305588,0.00144378,-0.6828473,-0.001181632,
7367905,0,34.43453,299.6468,0.04530908,403.3191,0.001429533,-0.6843267,-0.001192138,-0.7291731,0.001429533,-0.6843267,-0.001192138,
7367905,0,34.5458,303.2543,0.04520028,403.5964,0.001427663,-0.6862401,-0.001188762,-0.7273727,0.001427663,-0.6862401,-0.001188762,
7367905,0,34.6484,306.8923,0.04509426,403.85,0.001405315,-0.6879994,-0.001219459,-0.725709,0.001405315,-0.6879994,-0.001219459,
7367905,0,34.74831,310.5479,0.04503253,404.0835,0.001437644,-0.6894121,-0.001273081,-0.7243668,0.001437644,-0.6894121,-0.001273081,
7367905,0,34.84915,314.1847,0.04508717,404.2856,0.001694199,-0.6929231,-0.001335166,-0.7210082,0.001694199,-0.6929231,-0.001335166,
7367905,0,34.9513,317.7088,0.04561426,404.3798,0.002112776,-0.7070946,-0.001408599,-0.7071144,0.002112776,-0.7070946,-0.001408599,
7367905,0,35.04733,321.1105,0.04617135,404.287,0.002063118,-0.7318299,-0.001476094,-0.6814827,0.002063118,-0.7318299,-0.001476094,
7367905,0,35.14291,324.3694,0.04657499,403.9671,0.001950841,-0.7614812,-0.001592919,-0.6481821,0.001950841,-0.7614812,-0.001592919,
7367905,2,35.24494,327.4653,0.04702413,403.4077,0.001956532,-0.7922614,-0.001639642,-0.6101766,0.001956532,-0.7922614,-0.001639642,
7367905,3,35.34621,330.394,0.04746551,402.6275,0.001662286,-0.8186854,-0.001835443,-0.5742371,0.001662286,-0.8186854,-0.001835443,
7367905,3,35.44676,333.1825,0.1160914,401.7547,0.01732893,-0.8286732,-0.01681474,-0.5592118,0.01732893,-0.8286732,-0.01681474,
7367905,3,35.54658,335.8792,0.2514878,400.8668,0.02028457,-0.8284985,-0.01195844,-0.559496,0.02028457,-0.8284985,-0.01195844,
7367905,3,35.64533,338.5351,0.3090264,399.9826,0.01172629,-0.8267625,0.009884239,-0.5623421,0.01172629,-0.8267625,0.009884239,
7367905,3,35.74832,341.1646,0.2387864,399.1081,0.004685908,-0.8245605,0.03167144,-0.5648673,0.004685908,-0.8245605,0.03167144,
7367905,3,35.8315,344.2667,0.05345897,398.134,-0.01177077,-0.8200383,0.02945738,-0.5714289,-0.01177077,-0.8200383,0.02945738,
7367905,3,35.94087,346.2555,-0.00251176,397.6391,-0.003368629,-0.8037168,-0.007146232,-0.5949596,-0.003368629,-0.8037168,-0.007146232,
7367905,3,36.03432,348.6466,0.04352047,397.2288,0.005466438,-0.7664913,-0.009443955,-0.6421621,0.005466438,-0.7664913,-0.009443955,
7367905,3,36.13728,350.9789,0.06178575,397.0547,0.002608517,-0.7230182,-0.001283512,-0.6908229,0.002608517,-0.7230182,-0.001283512,
7367905,3,36.2378,353.2268,0.05007812,397.1476,0.0007164377,-0.6707558,-0.001176178,-0.741677,0.0007164377,-0.6707558,-0.001176178,
7367905,3,36.33497,355.3482,0.04803975,397.5003,0.001460503,-0.6185163,-0.001982518,-0.7857682,0.001460503,-0.6185163,-0.001982518,
7367905,3,36.45091,357.3385,0.05120501,398.0294,0.002127649,-0.5785404,-0.001780383,-0.815649,0.002127649,-0.5785404,-0.001780383,
7367905,3,36.53588,359.2089,0.05184988,398.6656,0.002017013,-0.5519645,-0.001597427,-0.8338637,0.002017013,-0.5519645,-0.001597427,
7367905,3,36.64237,361.0213,0.05125041,399.3882,0.001764531,-0.5347565,-0.001439497,-0.8450031,0.001764531,-0.5347565,-0.001439497,
7367905,3,36.74383,362.7855,0.05120508,400.1708,0.001825458,-0.5236664,-0.001396533,-0.8519204,0.001825458,-0.5236664,-0.001396533,
7367905,3,36.84596,363.0135,-0.01811049,400.1041,0.02108626,-0.4868199,-0.003397755,-0.8732413,0.02108626,-0.4868199,-0.003397755,
7367905,3,36.94337,363.043,0.05366735,400.0396,0.004747966,-0.4682598,0.002409983,-0.8835748,0.004747966,-0.4682598,0.002409983,
7367905,3,37.03528,363.0594,0.07215265,399.9975,-0.001011998,-0.4527771,-0.0007234216,-0.8916228,-0.001011998,-0.4527771,-0.0007234216,
7367905,3,37.14914,363.0657,0.05789264,399.9704,0.002466906,-0.4438178,-0.002218865,-0.896111,0.002466906,-0.4438178,-0.002218865,
7367905,3,37.24314,363.0571,0.05468702,399.9634,0.002917612,-0.4437588,-0.001435488,-0.8961403,0.002917612,-0.4437588,-0.001435488,
7367905,3,37.33445,363.0484,0.05699573,399.9567,0.002330933,-0.4437605,-0.00100559,-0.8961419,0.002330933,-0.4437605,-0.00100559,
7367905,3,37.44883,363.0398,0.05795794,399.9501,0.002239164,-0.4437603,-0.001100976,-0.896142,0.002239164,-0.4437603,-0.001100976,
7367905,3,37.53841,363.0312,0.05768322,399.9436,0.002349961,-0.44376,-0.001185376,-0.8961418,0.002349961,-0.44376,-0.001185376,
7367905,3,37.64602,363.0228,0.05745471,399.9372,0.002369102,-0.44376,-0.001175664,-0.8961418,0.002369102,-0.44376,-0.001175664,
7367905,3,37.73531,363.0144,0.05746511,399.9308,0.002346087,-0.44376,-0.001158669,-0.8961418,0.002346087,-0.44376,-0.001158669,
7367905,3,37.83608,363.0061,0.05751113,399.9245,0.002341371,-0.44376,-0.001158856,-0.8961419,0.002341371,-0.44376,-0.001158856,
7367905,3,37.94631,362.9979,0.05751912,399.9182,0.002346474,-0.44376,-0.001162365,-0.8961419,0.002346474,-0.44376,-0.001162365,
7367905,3,38.04456,362.9898,0.05751229,399.912,0.002347883,-0.44376,-0.00116276,-0.8961418,0.002347883,-0.44376,-0.00116276,
7367905,3,38.11131,362.988,0.05751842,399.9095,0.002275287,-0.443439,-0.001236126,-0.8963009,0.002275287,-0.443439,-0.001236126,
7367905,3,38.23992,362.988,0.05753988,399.9095,0.002327448,-0.4434391,-0.001178239,-0.8963007,0.002327448,-0.4434391,-0.001178239,
7367905,3,38.33445,362.988,0.05755572,399.9095,0.002360022,-0.4434391,-0.001151066,-0.8963007,0.002360022,-0.4434391,-0.001151066,
7367905,3,38.4351,362.988,0.05755333,399.9095,0.002353592,-0.4434391,-0.001159333,-0.8963007,0.002353592,-0.4434391,-0.001159333,
7367905,3,38.54243,362.988,0.05754749,399.9095,0.002346924,-0.4434391,-0.001163281,-0.8963007,0.002346924,-0.4434391,-0.001163281,
7367905,3,38.64714,362.988,0.05754657,399.9095,0.002347155,-0.4434392,-0.001162142,-0.8963007,0.002347155,-0.4434392,-0.001162142,
7367905,3,38.74802,362.988,0.05754805,399.9095,0.002348429,-0.4434391,-0.001161601,-0.8963007,0.002348429,-0.4434391,-0.001161601,
7367905,3,38.84702,362.988,0.05754867,399.9095,0.002348593,-0.4434392,-0.001161799,-0.8963007,0.002348593,-0.4434392,-0.001161799,
7367905,3,38.93521,362.988,0.05754844,399.9095,0.002348384,-0.4434391,-0.001161877,-0.8963007,0.002348384,-0.4434391,-0.001161877,
7367905,3,39.03599,362.988,0.05754822,399.9095,0.00234831,-0.4434391,-0.001161832,-0.8963007,0.00234831,-0.4434391,-0.001161832,
