lucasgm,1056215,0,position,0.05013996,332.0081,0.1409424,398.5106,-0.02227839,0.6313779,0.0181511,0.7749426,-0.02227839,0.6313779,0.0181511
lucasgm,1056215,0,position,0.1506277,331.9748,0.1409439,398.5038,-0.02227757,0.6313779,0.01815041,0.7749427,-0.02227757,0.6313779,0.01815041
lucasgm,1056215,0,position,0.2531624,331.9496,0.1409525,398.4986,-0.02225389,0.631328,0.01812287,0.7749847,-0.02225389,0.631328,0.01812287
lucasgm,1056215,0,position,0.3561835,331.9497,0.140997,398.4986,-0.02219317,0.6314621,0.01809849,0.7748778,-0.02219317,0.6314621,0.01809849
lucasgm,1056215,0,position,0.4586013,331.9921,0.1409371,398.5073,-0.02215644,0.631383,0.01805712,0.7749442,-0.02215644,0.631383,0.01805712
lucasgm,1056215,0,position,0.5597339,332.091,0.1407,398.5277,-0.022117,0.6313474,0.01801416,0.7749754,-0.022117,0.6313474,0.01801416
lucasgm,1056215,0,position,0.6613637,332.2459,0.1404468,398.5597,-0.02211464,0.6313408,0.01801362,0.7749808,-0.02211464,0.6313408,0.01801362
lucasgm,1056215,0,position,0.762368,332.4602,0.1402299,398.6037,-0.02210668,0.631395,0.01800257,0.7749372,-0.02210668,0.631395,0.01800257
lucasgm,1056215,0,position,0.8469517,332.7389,0.1400006,398.6516,-0.02213375,0.6336221,0.01794663,0.7731178,-0.02213375,0.6336221,0.01794663
lucasgm,1056215,0,position,0.947457,333.0822,0.1397707,398.6857,-0.02207926,0.6413851,0.01804795,0.7666888,-0.02207926,0.6413851,0.01804795
lucasgm,1056215,0,position,1.049764,333.4851,0.1332267,398.7159,-0.02240988,0.6513084,0.01468451,0.7583399,-0.02240988,0.6513084,0.01468451
lucasgm,1056215,0,position,1.1508,333.9271,0.09122245,398.7513,-0.01450888,0.6599518,0.004086114,0.7511568,-0.01450888,0.6599518,0.004086114
lucasgm,1056215,0,position,1.251522,334.416,0.06577344,398.796,0.02648153,0.663409,0.003567845,0.7477798,0.02648153,0.663409,0.003567845
lucasgm,1056215,0,position,1.352518,334.9753,0.1477353,398.8611,0.03256185,0.6639241,-0.0274476,0.7465864,0.03256185,0.6639241,-0.0274476
lucasgm,1056215,0,position,1.454752,335.5652,0.1826963,398.9299,0.02863186,0.6635769,-0.03356243,0.7468063,0.02863186,0.6635769,-0.03356243
lucasgm,1056215,0,position,1.55594,336.1766,0.1503774,399.0014,0.02366381,0.6626462,-0.02300946,0.7482049,0.02366381,0.6626462,-0.02300946
lucasgm,1056215,0,position,1.657015,336.82,0.07130632,399.0779,0.004449378,0.6626238,-0.001402617,0.7489379,0.004449378,0.6626238,-0.001402617
lucasgm,1056215,0,position,1.757435,337.5201,0.02773372,399.1636,-0.009780873,0.6616434,0.008704484,0.7497043,-0.009780873,0.6616434,0.008704484
lucasgm,1056215,0,position,1.859197,338.2975,0.05583391,399.2625,-0.001929341,0.6604504,0.001292139,0.7508661,-0.001929341,0.6604504,0.001292139
lucasgm,1056215,0,position,1.960604,339.1085,0.05948029,399.3666,-0.0005281399,0.6598862,0.000511609,0.7513652,-0.0005281399,0.6598862,0.000511609
lucasgm,1056215,0,position,2.062598,339.9597,0.05471059,399.4771,-0.001837713,0.6594611,0.001658395,0.7517346,-0.001837713,0.6594611,0.001658395
lucasgm,1056215,0,position,2.147591,340.8566,0.05447998,399.5946,-0.001881369,0.6593657,0.001643918,0.7518183,-0.001881369,0.6593657,0.001643918
lucasgm,1056215,0,position,2.248547,341.799,0.05501327,399.7015,-0.001799936,0.6629415,0.001341395,0.7486679,-0.001799936,0.6629415,0.001341395
lucasgm,1056215,0,position,2.349498,342.7851,0.05480915,399.7527,-0.001960793,0.6775129,0.001235589,0.7355072,-0.001960793,0.6775129,0.001235589
lucasgm,1056215,0,position,2.450554,343.8073,0.05459499,399.7066,-0.001996879,0.704842,0.001294389,0.7093604,-0.001996879,0.704842,0.001294389
lucasgm,1056215,0,position,2.551512,344.8713,0.05444691,399.5627,-0.001635604,0.7360925,0.001527898,0.6768773,-0.001635604,0.7360925,0.001527898
lucasgm,1056215,0,position,2.652597,345.981,0.05420429,399.3557,-0.00135894,0.7601904,0.001758344,0.6496966,-0.00135894,0.7601904,0.001758344
lucasgm,1056215,0,position,2.753231,347.127,0.05406572,399.1207,-0.001304462,0.773727,0.001851894,0.6335151,-0.001304462,0.773727,0.001851894
lucasgm,1056215,0,position,2.855242,348.3172,0.05393429,398.886,-0.001210279,0.7765812,0.001908853,0.6300133,-0.001210279,0.7765812,0.001908853
lucasgm,1056215,0,position,2.95563,349.5598,0.05376756,398.6953,-0.00120301,0.7674496,0.001891486,0.6411054,-0.00120301,0.7674496,0.001891486
lucasgm,1056215,0,position,3.055644,350.859,0.05356741,398.5282,-0.00150154,0.7567552,0.001585424,0.6536946,-0.00150154,0.7567552,0.001585424
lucasgm,1056215,0,position,3.156606,352.2101,0.05336361,398.3506,-0.001590525,0.7521664,0.001496345,0.6589697,-0.001590525,0.7521664,0.001496345
lucasgm,1056215,0,position,3.257715,353.6139,0.05317814,398.1683,-0.001419823,0.7500715,0.001637273,0.6613532,-0.001419823,0.7500715,0.001637273
lucasgm,1056215,0,position,3.359141,355.0707,0.05298859,397.9848,-0.001407138,0.7487555,0.001637772,0.6628429,-0.001407138,0.7487555,0.001637772
lucasgm,1056215,0,position,3.459879,356.5799,0.05279775,397.7994,-0.001423675,0.7479074,0.001613244,0.6637996,-0.001423675,0.7479074,0.001613244
lucasgm,1056215,0,position,3.560464,358.1408,0.05261045,397.6112,-0.001418984,0.7473556,0.001607612,0.6644208,-0.001418984,0.7473556,0.001607612
lucasgm,1056215,0,position,3.661212,359.7528,0.05242559,397.4195,-0.001414324,0.7469915,0.001602091,0.6648301,-0.001414324,0.7469915,0.001602091
lucasgm,1056215,0,position,3.762008,361.4153,0.0522423,397.2238,-0.001411798,0.7467473,0.001594707,0.6651044,-0.001411798,0.7467473,0.001594707
lucasgm,1056215,0,position,3.846319,363.1277,0.05206075,397.0237,-0.001408577,0.7465814,0.001588047,0.6652907,-0.001408577,0.7465814,0.001588047
lucasgm,1056215,0,position,3.947051,364.8895,0.05188121,396.8191,-0.001404893,0.7464674,0.001581892,0.6654187,-0.001404893,0.7464674,0.001581892
lucasgm,1056215,0,position,4.048238,366.7001,0.05170354,396.6096,-0.001401118,0.7463879,0.001575977,0.6655079,-0.001401118,0.7463879,0.001575977
lucasgm,1056215,0,position,4.148737,368.5591,0.05152769,396.3952,-0.001397156,0.7463321,0.001570217,0.6655705,-0.001397156,0.7463321,0.001570217
lucasgm,1056215,0,position,4.249337,370.4658,0.0513536,396.1758,-0.001393112,0.7462924,0.001564711,0.665615,-0.001393112,0.7462924,0.001564711
lucasgm,1056215,0,position,4.349716,372.4198,0.05118135,395.9512,-0.001389,0.7462638,0.001559332,0.665647,-0.001389,0.7462638,0.001559332
lucasgm,1056215,0,position,4.450077,374.4206,0.05101087,395.7216,-0.001384828,0.7462432,0.001554102,0.6656702,-0.001384828,0.7462432,0.001554102
lucasgm,1056215,0,position,4.550411,376.4677,0.05084211,395.4869,-0.001380649,0.7462281,0.001548976,0.6656871,-0.001380649,0.7462281,0.001548976
lucasgm,1056215,0,position,4.652925,378.5606,0.05067513,395.2471,-0.001376462,0.746217,0.001543932,0.6656996,-0.001376462,0.746217,0.001543932
lucasgm,1056215,0,position,4.753689,380.6988,0.05050991,395.0022,-0.001372275,0.7462087,0.001538999,0.6657089,-0.001372275,0.7462087,0.001538999
lucasgm,1056215,0,position,4.854532,382.882,0.05034642,394.7523,-0.001368088,0.7462025,0.001534119,0.6657159,-0.001368088,0.7462025,0.001534119
lucasgm,1056215,0,position,4.954971,385.1095,0.05018455,394.4974,-0.001363961,0.7461978,0.001529314,0.6657211,-0.001363961,0.7461978,0.001529314
lucasgm,1056215,0,position,5.056391,387.381,0.0500244,394.2375,-0.001359841,0.7461943,0.001524583,0.6657252,-0.001359841,0.7461943,0.001524583
lucasgm,1056215,0,position,5.158108,389.6929,0.04986738,393.955,-0.001511121,0.7494373,0.001391731,0.6620722,-0.001511121,0.7494373,0.001391731
lucasgm,1056215,0,position,5.258775,392.0256,0.04973926,393.5716,-0.001751556,0.7650435,0.001234308,0.6439751,-0.001751556,0.7650435,0.001234308
lucasgm,1056215,0,position,5.359122,394.3593,0.04963883,393.0222,-0.001575184,0.7905452,0.001390755,0.6124001,-0.001575184,0.7905452,0.001390755
lucasgm,1056215,0,position,5.460334,396.6952,0.04948376,392.32,-0.001205027,0.8130726,0.00163272,0.5821589,-0.001205027,0.8130726,0.00163272
lucasgm,1056215,0,position,5.56042,399.0361,0.04931186,391.4966,-0.001182134,0.8286991,0.001628555,0.5596909,-0.001182134,0.8286991,0.001628555
lucasgm,1056215,0,position,5.66067,401.3825,0.04916122,390.5693,-0.001237706,0.8394732,0.001587667,0.5433974,-0.001237706,0.8394732,0.001587667
lucasgm,1056215,0,position,5.761232,403.7366,0.04901909,389.5538,-0.001217442,0.8469589,0.001601473,0.5316546,-0.001217442,0.8469589,0.001601473
lucasgm,1056215,0,position,5.861665,406.1011,0.0488742,388.4627,-0.001202281,0.8523796,0.001607515,0.5229198,-0.001202281,0.8523796,0.001607515
lucasgm,1056215,0,position,5.962135,408.4584,0.04873613,387.2733,-0.001439729,0.8612773,0.001481242,0.5081311,-0.001439729,0.8612773,0.001481242
lucasgm,1056215,0,position,6.045921,410.7578,0.04864482,385.9233,-0.001572369,0.8785178,0.001469553,0.4777049,-0.001572369,0.8785178,0.001469553
lucasgm,1056215,0,position,6.147677,412.9552,0.04857014,384.3657,-0.00138551,0.900973,0.001583844,0.4338701,-0.00138551,0.900973,0.001583844
lucasgm,1056215,0,position,6.249329,415.0495,0.04842935,382.6137,-0.0009615953,0.9197328,0.001752928,0.3925399,-0.0009615953,0.9197328,0.001752928
lucasgm,1056215,0,position,6.349801,417.0591,0.048269,380.7085,-0.0009005921,0.9322836,0.001764484,0.3617229,-0.0009005921,0.9322836,0.001764484
lucasgm,1056215,0,position,6.44992,418.9954,0.04813179,378.6766,-0.0009479655,0.9406682,0.001746319,0.3393219,-0.0009479655,0.9406682,0.001746319
lucasgm,1056215,0,position,6.551307,420.8881,0.0480054,376.5544,-0.0006942472,0.944456,0.001846052,0.328632,-0.0006942472,0.944456,0.001846052
lucasgm,1056215,0,position,6.652292,422.7903,0.04788191,374.3928,-0.0007283707,0.9433973,0.001828998,0.3316588,-0.0007283707,0.9433973,0.001828998
lucasgm,1056215,0,position,6.752806,424.7016,0.04774551,372.1909,-0.0009020937,0.9422826,0.001751482,0.3348132,-0.0009020937,0.9422826,0.001751482
lucasgm,1056215,0,position,6.853132,426.6256,0.04761036,369.9517,-0.0008026046,0.9414921,0.00178054,0.3370294,-0.0008026046,0.9414921,0.00178054
lucasgm,1056215,0,position,6.954607,428.5672,0.04748003,367.6795,-0.0007089555,0.9407462,0.001810402,0.3391059,-0.0007089555,0.9407462,0.001810402
lucasgm,1056215,0,position,7.056207,430.5606,0.04735344,365.4069,-0.0004012348,0.9365721,0.001934201,0.3504696,-0.0004012348,0.9365721,0.001934201
lucasgm,1056215,0,position,7.156554,432.6821,0.04726641,363.2198,-0.0002088209,0.9236506,0.002068557,0.3832302,-0.0002088209,0.9236506,0.002068557
lucasgm,1056215,0,position,7.256894,434.9938,0.04722597,361.2118,-0.0002942171,0.9001352,0.002103426,0.4356056,-0.0002942171,0.9001352,0.002103426
lucasgm,1056215,0,hit,7.324351,436.4097,-0.04413404,360.0053,-0.0118964,0.8658209,0.02169625,0.4997418,-0.0118964,0.8658209,0.02169625
lucasgm,1056215,0,position,7.357692,436.3574,-0.008999296,359.8887,-0.008623487,0.8498983,0.01336362,0.5267066,-0.008623487,0.8498983,0.01336362
lucasgm,1056215,0,position,7.458193,436.2764,0.02403093,359.3208,-0.002504234,0.7717808,0.00957644,0.6358117,-0.002504234,0.7717808,0.00957644
lucasgm,1056215,0,position,7.55881,436.3064,0.05733785,358.8211,-0.001839127,0.6891565,-0.001668662,0.7246084,-0.001839127,0.6891565,-0.001668662
lucasgm,1056215,0,position,7.659699,436.4211,0.055328,358.3714,-0.002679551,0.6042973,-0.0026282,0.7967501,-0.002679551,0.6042973,-0.0026282
lucasgm,1056215,0,position,7.761431,436.5833,0.04869153,358,-0.002865762,0.5244142,-0.000424359,0.8514584,-0.002865762,0.5244142,-0.000424359
lucasgm,1056215,0,position,7.846121,436.7552,0.04856875,357.7156,-0.002830824,0.4547031,-0.0005730204,0.8906384,-0.002830824,0.4547031,-0.0005730204
lucasgm,1056215,0,position,7.947361,436.8988,0.05469288,357.5132,-0.002161138,0.3913407,0.0003758296,0.9202433,-0.002161138,0.3913407,0.0003758296
lucasgm,1056215,0,position,8.047692,436.9896,0.05820106,357.3491,-0.002283281,0.333066,0.001616891,0.9428994,-0.002283281,0.333066,0.001616891
lucasgm,1056215,0,position,8.148396,437.0356,0.05768351,357.1772,-0.002673492,0.2927978,0.001283269,0.9561698,-0.002673492,0.2927978,0.001283269
lucasgm,1056215,0,position,8.249458,437.0437,0.05679274,356.979,-0.002675767,0.275852,0.0009063258,0.9611961,-0.002675767,0.275852,0.0009063258
lucasgm,1056215,0,position,8.349615,437.0047,0.05661178,356.7548,-0.002565906,0.2802112,0.000975322,0.9599345,-0.002565906,0.2802112,0.000975322
lucasgm,1056215,0,position,8.449679,436.9214,0.05663482,356.4991,-0.002598351,0.2979361,0.0009099803,0.9545819,-0.002598351,0.2979361,0.0009099803
lucasgm,1056215,0,position,8.549686,436.8069,0.05650877,356.2034,-0.002641697,0.3201407,0.0008214079,0.947366,-0.002641697,0.3201407,0.0008214079
lucasgm,1056215,0,position,8.650295,436.6582,0.05629659,355.8697,-0.002611409,0.3456585,0.0008911379,0.9383564,-0.002611409,0.3456585,0.0008911379
lucasgm,1056215,0,position,8.75106,436.4694,0.05610086,355.5023,-0.002561006,0.3742273,0.0009991861,0.9273329,-0.002561006,0.3742273,0.0009991861
lucasgm,1056215,0,position,8.851688,436.2339,0.05592977,355.1068,-0.002513986,0.4056583,0.001097765,0.9140207,-0.002513986,0.4056583,0.001097765
lucasgm,1056215,0,position,8.951694,435.9415,0.05576558,354.6966,-0.002419541,0.4375883,0.00127326,0.8991714,-0.002419541,0.4375883,0.00127326
lucasgm,1056215,0,position,9.052427,435.5894,0.05726252,354.3076,-0.002168773,0.4629262,0.001474146,0.886393,-0.002168773,0.4629262,0.001474146
lucasgm,1056215,0,position,9.153838,435.2098,0.05611876,353.9737,-0.002034266,0.4784478,0.001499675,0.8781124,-0.002034266,0.4784478,0.001499675
lucasgm,1056215,0,position,9.253889,434.8331,0.05497442,353.7031,-0.001958645,0.4843479,0.001390632,0.8748722,-0.001958645,0.4843479,0.001390632
lucasgm,1056215,0,position,9.353985,434.4943,0.05567784,353.483,-0.001970233,0.4857389,0.001191165,0.8741009,-0.001970233,0.4857389,0.001191165
lucasgm,1056215,0,position,9.454094,434.2197,0.0703113,353.3118,-0.00117175,0.4880541,-0.008756489,0.8727687,-0.00117175,0.4880541,-0.008756489
lucasgm,1056215,0,position,9.555058,433.9946,0.09070983,353.1834,0.001642774,0.4895553,-0.0204618,0.8717306,0.001642774,0.4895553,-0.0204618
lucasgm,1056215,0,position,9.655066,433.8066,0.1118279,353.0936,0.008516805,0.4869492,-0.02608966,0.8729991,0.008516805,0.4869492,-0.02608966
lucasgm,1056215,0,position,9.756284,433.6602,0.1320557,353.0362,0.01937491,0.4819754,-0.02689338,0.8755576,0.01937491,0.4819754,-0.02689338
lucasgm,1056215,0,position,9.857633,433.5617,0.1539045,353.0076,0.02793103,0.4786959,-0.02806281,0.8770875,0.02793103,0.4786959,-0.02806281
lucasgm,1056215,0,position,9.958873,433.5156,0.1668925,352.9965,0.03109854,0.4784615,-0.0294164,0.8770645,0.03109854,0.4784615,-0.0294164
lucasgm,1056215,0,position,10.05974,433.5178,0.1677952,352.9962,0.03151998,0.4784726,-0.02958415,0.8770378,0.03151998,0.4784726,-0.02958415
lucasgm,1056215,0,position,10.16047,433.5386,0.165172,353.0002,0.03053589,0.4786765,-0.02924451,0.8769727,0.03053589,0.4786765,-0.02924451
lucasgm,1056215,0,position,10.26159,433.5782,0.1576347,353.0122,0.02803267,0.480816,-0.02803678,0.8759246,0.02803267,0.480816,-0.02803678
lucasgm,1056215,0,position,10.36233,433.6425,0.1460049,353.0316,0.02387769,0.4842348,-0.02638413,0.8742142,0.02387769,0.4842348,-0.02638413
lucasgm,1056215,0,position,10.44635,433.7373,0.129041,353.0647,0.01775943,0.4918167,-0.02355108,0.870199,0.01775943,0.4918167,-0.02355108
lucasgm,1056215,0,position,10.54701,433.8682,0.1072213,353.1102,0.0100783,0.5025314,-0.02021128,0.864264,0.0100783,0.5025314,-0.02021128
lucasgm,1056215,0,position,10.64743,434.0383,0.08231433,353.1643,0.001357619,0.515965,-0.01575075,0.8564638,0.001357619,0.515965,-0.01575075
lucasgm,1056215,0,position,10.74943,434.2541,0.06188575,353.223,-0.003974388,0.531313,-0.007726539,0.8471311,-0.003974388,0.531313,-0.007726539
lucasgm,1056215,0,position,10.84972,434.5293,0.0515812,353.2803,-0.002909569,0.5499675,0.003918435,0.8351719,-0.002909569,0.5499675,0.003918435
lucasgm,1056215,0,position,10.95012,434.8643,0.05399005,353.3278,-0.002045778,0.57148,0.003561269,0.8206058,-0.002045778,0.57148,0.003561269
lucasgm,1056215,0,position,11.05645,435.2519,0.05673789,353.3615,-0.001838125,0.5954028,0.00105042,0.8034245,-0.001838125,0.5954028,0.00105042
lucasgm,1056215,0,position,11.15681,435.6906,0.05631202,353.3737,-0.001885226,0.62169,0.0009562448,0.7832606,-0.001885226,0.62169,0.0009562448
lucasgm,1056215,0,position,11.25742,436.1789,0.05561475,353.3546,-0.00192345,0.6501248,0.001422025,0.7598237,-0.00192345,0.6501248,0.001422025
lucasgm,1056215,0,position,11.35848,436.7135,0.05705462,353.2948,-0.001846065,0.6804476,0.001541056,0.7327927,-0.001846065,0.6804476,0.001541056
lucasgm,1056215,0,position,11.45848,437.2895,0.05650619,353.1836,-0.001810854,0.7121204,0.001549564,0.7020534,-0.001810854,0.7121204,0.001549564
lucasgm,1056215,0,position,11.5595,437.8992,0.05587794,353.0097,-0.001720283,0.7448163,0.001595266,0.6672655,-0.001720283,0.7448163,0.001595266
lucasgm,1056215,0,position,11.66069,438.534,0.05579475,352.7615,-0.001649546,0.7779766,0.001661196,0.628289,-0.001649546,0.7779766,0.001661196
lucasgm,1056215,0,position,11.76262,439.1807,0.05571968,352.4302,-0.001579672,0.8111411,0.001753427,0.5848458,-0.001579672,0.8111411,0.001753427
lucasgm,1056215,0,position,11.84674,439.8259,0.0555425,352.006,-0.001495318,0.8436043,0.001821473,0.5369602,-0.001495318,0.8436043,0.001821473
lucasgm,1056215,0,position,11.94741,440.4514,0.05536604,351.484,-0.00139403,0.8748199,0.001900166,0.4844426,-0.00139403,0.8748199,0.001900166
lucasgm,1056215,0,position,12.04847,441.0392,0.05521773,350.8592,-0.001292693,0.9040486,0.001967922,0.4274234,-0.001292693,0.9040486,0.001967922
lucasgm,1056215,0,position,12.15043,441.5681,0.05507012,350.1319,-0.001177081,0.9307469,0.002040446,0.3656565,-0.001177081,0.9307469,0.002040446
lucasgm,1056215,0,position,12.25048,442.0166,0.05491251,349.3019,-0.001060238,0.9543223,0.002090261,0.2987701,-0.001060238,0.9543223,0.002090261
lucasgm,1056215,0,position,12.35066,442.3615,0.05473234,348.3723,-0.0009137125,0.9741586,0.002132774,0.2258532,-0.0009137125,0.9741586,0.002132774
lucasgm,1056215,0,position,12.4515,442.5975,0.05455591,347.362,-0.0005637318,0.9878077,0.002225727,0.1556625,-0.0005637318,0.9878077,0.002225727
lucasgm,1056215,0,position,12.55239,442.7521,0.05439898,346.2904,-0.0002146017,0.9951764,0.002254985,0.09807587,-0.0002146017,0.9951764,0.002254985
lucasgm,1056215,0,position,12.65425,442.8582,0.05422759,345.1673,7.762219E-06,0.9983022,0.002247721,0.05820507,7.762219E-06,0.9983022,0.002247721
lucasgm,1056215,0,position,12.7562,442.9471,0.05406622,343.9988,4.275674E-05,0.9993179,0.00224258,0.03686106,4.275674E-05,0.9993179,0.00224258
lucasgm,1056215,0,position,12.85797,443.0212,0.05390635,342.7836,-7.162174E-05,0.999672,0.002225488,0.02551577,-7.162174E-05,0.999672,0.002225488
lucasgm,1056215,0,position,12.95937,443.0824,0.05373277,341.5204,-8.12225E-05,0.9998164,0.002210535,0.01903591,-8.12225E-05,0.9998164,0.002210535
lucasgm,1056215,0,position,13.06063,443.1336,0.05355312,340.2081,-6.009618E-05,0.9998845,0.002197102,0.01504063,-6.009618E-05,0.9998845,0.002197102
lucasgm,1056215,0,position,13.16302,443.1773,0.05336977,338.8451,-5.025532E-05,0.9999219,0.002182923,0.01231288,-5.025532E-05,0.9999219,0.002182923
lucasgm,1056215,0,position,13.2472,443.2137,0.0531821,337.4307,-7.161275E-05,0.9999501,0.002172045,0.009753608,-7.161275E-05,0.9999501,0.002172045
lucasgm,1056215,0,position,13.34798,443.2074,0.05300487,335.9679,-0.0003461301,0.9999947,0.002183668,-0.002397777,-0.0003461301,0.9999947,0.002183668
lucasgm,1056215,0,position,13.44949,443.0957,0.05286869,334.4704,-0.0004813657,0.9994253,0.002236679,-0.03382021,-0.0004813657,0.9994253,0.002236679
lucasgm,1056215,0,position,13.55039,442.8382,0.0527516,332.9514,-0.0002365952,0.996718,0.00223203,-0.08091976,-0.0002365952,0.996718,0.00223203
lucasgm,1056215,0,position,13.6524,442.4537,0.05256405,331.4088,0.0002178764,0.9920613,0.002143868,-0.1257368,0.0002178764,0.9920613,0.002143868
lucasgm,1056215,0,position,13.75343,441.9834,0.05235804,329.8376,0.0004059964,0.9876997,0.002098121,-0.1563485,0.0004059964,0.9876997,0.002098121
lucasgm,1056215,0,position,13.85608,441.4448,0.05218311,328.2366,0.0003121497,0.9844496,0.002108201,-0.1756547,0.0003121497,0.9844496,0.002108201
lucasgm,1056215,0,position,13.95751,440.8466,0.05201377,326.6051,0.0002960523,0.9821146,0.002107457,-0.1882722,0.0002960523,0.9821146,0.002107457
lucasgm,1056215,0,position,14.05776,440.1974,0.05184006,324.9417,0.0003306566,0.9804504,0.002095543,-0.1967552,0.0003306566,0.9804504,0.002095543
lucasgm,1056215,0,position,14.15981,439.5036,0.0516671,323.2451,0.0003451022,0.9792262,0.002085917,-0.2027603,0.0003451022,0.9792262,0.002085917
lucasgm,1056215,0,position,14.2625,438.7485,0.05150052,321.5254,0.0001389651,0.9768959,0.002134763,-0.2137052,0.0001389651,0.9768959,0.002134763
lucasgm,1056215,0,position,14.34659,437.8961,0.05135553,319.8048,0.0002050997,0.9719995,0.002126172,-0.2349737,0.0002050997,0.9719995,0.002126172
lucasgm,1056215,0,position,14.44846,436.9689,0.05119207,318.071,0.000550626,0.9676069,0.002023391,-0.252453,0.000550626,0.9676069,0.002023391
lucasgm,1056215,0,position,14.54969,435.9808,0.05101698,316.3181,0.0005211484,0.9643568,0.002018526,-0.2645972,0.0005211484,0.9643568,0.002018526
lucasgm,1056215,0,position,14.65156,434.9377,0.05085143,314.5447,0.0004848098,0.9619648,0.002022542,-0.2731653,0.0004848098,0.9619648,0.002022542
lucasgm,1056215,0,position,14.75305,433.8279,0.05069418,312.7608,0.0002940049,0.9585821,0.002083957,-0.2848088,0.0002940049,0.9585821,0.002083957
lucasgm,1056215,0,position,14.85422,432.5995,0.05056672,311.0137,9.644092E-05,0.9499662,0.002191536,-0.312345,9.644092E-05,0.9499662,0.002191536
lucasgm,1056215,0,position,14.9548,431.2074,0.05048613,309.3599,0.0001644846,0.9339187,0.002233453,-0.3574785,0.0001644846,0.9339187,0.002233453
lucasgm,1056215,0,hit,15.02198,430.1658,0.0004052855,308.4694,0.0141607,0.9284194,0.01330746,-0.3710255,0.0141607,0.9284194,0.01330746
lucasgm,1056215,0,position,15.0559,430.0632,-0.02200278,308.5084,0.01991566,0.9366311,0.01865239,-0.3492528,0.01991566,0.9366311,0.01865239
lucasgm,1056215,0,position,15.15637,429.6179,0.01612775,308.6347,0.003861062,0.9694417,0.0108296,-0.2450524,0.003861062,0.9694417,0.0108296
lucasgm,1056215,0,position,15.25692,429.2264,0.05713332,308.6815,-0.004520098,0.9884954,0.0003834367,-0.1511832,-0.004520098,0.9884954,0.0003834367
lucasgm,1056215,0,position,15.3587,428.8833,0.05879389,308.6562,-0.003457933,0.9985326,0.0002258793,-0.05404389,-0.003457933,0.9985326,0.0002258793
lucasgm,1056215,0,position,15.45938,428.5813,0.04788415,308.6136,-0.006274075,0.9997981,0.002065584,0.01897888,-0.006274075,0.9997981,0.002065584
lucasgm,1056215,0,position,15.55981,428.3532,0.0486776,308.5596,-0.003699512,0.9972553,0.002108872,0.07391719,-0.003699512,0.9972553,0.002108872
lucasgm,1056215,0,position,15.66054,428.1977,0.05156904,308.5111,-0.003190333,0.9936421,0.001404315,0.112531,-0.003190333,0.9936421,0.001404315
lucasgm,1056215,0,position,15.76123,428.111,0.05349615,308.4779,-0.002121665,0.9903381,0.0009122789,0.1386548,-0.002121665,0.9903381,0.0009122789
lucasgm,1056215,0,position,15.84595,428.0749,0.05605251,308.4633,-0.0003136409,0.9883089,0.00190556,0.1524524,-0.0003136409,0.9883089,0.00190556
lucasgm,1056215,0,position,15.94673,428.0637,0.05816075,308.4717,7.525341E-05,0.9880783,0.002939649,0.1539243,7.525341E-05,0.9880783,0.002939649
lucasgm,1056215,0,position,16.04795,428.0357,0.05799608,308.517,-0.0004751543,0.9886776,0.002966389,0.1500248,-0.0004751543,0.9886776,0.002966389
lucasgm,1056215,0,position,16.14826,427.9805,0.05724928,308.6083,-0.0005744642,0.9898389,0.002758399,0.1421655,-0.0005744642,0.9898389,0.002758399
lucasgm,1056215,0,position,16.24945,427.9015,0.05691637,308.7448,-0.0004505087,0.9914304,0.002698824,0.1306074,-0.0004505087,0.9914304,0.002698824
lucasgm,1056215,0,position,16.34987,427.8024,0.05683452,308.9263,-0.0003746344,0.993315,0.002728149,0.1154023,-0.0003746344,0.993315,0.002728149
lucasgm,1056215,0,position,16.45137,427.6934,0.05672395,309.1464,-0.0002799477,0.9951962,0.002716765,0.09786267,-0.0002799477,0.9951962,0.002716765
lucasgm,1056215,0,position,16.55338,427.5975,0.05659306,309.3899,-9.700656E-05,0.9965357,0.002632253,0.08312548,-9.700656E-05,0.9965357,0.002632253
lucasgm,1056215,0,position,16.65487,427.5326,0.05656305,309.6263,3.570329E-05,0.9971551,0.002514146,0.07533582,3.570329E-05,0.9971551,0.002514146
lucasgm,1056215,0,position,16.75525,427.5241,0.06710292,309.7994,0.008881496,0.9970612,-0.003663138,0.07600534,0.008881496,0.9970612,-0.003663138
lucasgm,1056215,0,position,16.8564,427.5424,0.07440267,309.8776,0.01410092,0.9969019,-0.007630779,0.07700417,0.01410092,0.9969019,-0.007630779
lucasgm,1056215,0,position,16.95806,427.5495,0.07585983,309.8847,0.01491649,0.9968103,-0.007315502,0.07806022,0.01491649,0.9968103,-0.007315502
lucasgm,1056215,0,position,17.05939,427.5455,0.07479147,309.8647,0.01379484,0.9969224,-0.006060428,0.07693369,0.01379484,0.9969224,-0.006060428
lucasgm,1056215,0,position,17.16066,427.5363,0.07060872,309.8163,0.01000003,0.9972059,-0.003998376,0.07392203,0.01000003,0.9972059,-0.003998376
lucasgm,1056215,0,position,17.2621,427.5242,0.06235039,309.7269,0.002953906,0.9977066,-8.165836E-05,0.06762299,0.002953906,0.9977066,-8.165836E-05
lucasgm,1056215,0,position,17.34695,427.507,0.05425266,309.5798,-0.002171064,0.9983612,0.003616981,0.05707315,-0.002171064,0.9983612,0.003616981
lucasgm,1056215,0,position,17.44773,427.478,0.05516486,309.3756,-0.001100381,0.9990957,0.00319621,0.04238547,-0.001100381,0.9990957,0.00319621
lucasgm,1056215,0,position,17.54821,427.4327,0.05689094,309.1228,6.62439E-05,0.9997181,0.002279051,0.02363677,6.62439E-05,0.9997181,0.002279051
lucasgm,1056215,0,position,17.64872,427.3669,0.05668648,308.8251,3.46036E-05,0.9999966,0.002237916,0.001391328,3.46036E-05,0.9999966,0.002237916
lucasgm,1056215,0,position,17.75051,427.2745,0.05617027,308.4823,-9.240384E-05,0.9997078,0.00239148,-0.02405914,-9.240384E-05,0.9997078,0.00239148
lucasgm,1056215,0,position,17.85155,427.1516,0.05597975,308.1027,-1.230029E-05,0.9985841,0.002438061,-0.05314053,-1.230029E-05,0.9985841,0.002438061
lucasgm,1056215,0,position,17.95203,426.9921,0.0558931,307.6922,7.988159E-05,0.9963405,0.002416387,-0.08543909,7.988159E-05,0.9963405,0.002416387
lucasgm,1056215,0,position,18.05303,426.7889,0.05575275,307.2557,0.0001489598,0.9926844,0.002397597,-0.1207146,0.0001489598,0.9926844,0.002397597
lucasgm,1056215,0,position,18.05303,426.5464,0.05716138,306.6788,0.0007601359,0.9891764,0.002256528,-0.1467121,0.0007601359,0.9891764,0.002256528
lucasgm,1056215,0,position,18.05303,426.3635,0.05655914,306.1446,0.00056732,0.9882553,0.002324231,-0.1527934,0.00056732,0.9882553,0.002324231
lucasgm,1056215,0,position,18.27577,426.1755,0.05598161,305.5692,0.0003533353,0.987949,0.002323933,-0.154762,0.0003533353,0.987949,0.002323933
lucasgm,1056215,0,position,18.27577,425.9761,0.05592196,304.9534,0.000356371,0.9878778,0.002306499,-0.1552161,0.000356371,0.9878778,0.002306499
lucasgm,1056215,0,position,18.27577,425.7629,0.05584527,304.2942,0.0003692411,0.9877388,0.002286107,-0.1560986,0.0003692411,0.9877388,0.002286107
lucasgm,1056215,0,position,18.60911,425.5352,0.0556429,303.5919,0.0003580241,0.9877888,0.002298065,-0.1557816,0.0003580241,0.9877888,0.002298065
lucasgm,1056215,0,position,18.60911,425.2978,0.05551685,302.8574,0.0003683595,0.9878898,0.00233566,-0.1551392,0.0003683595,0.9878898,0.00233566
lucasgm,1056215,0,position,18.60911,425.0521,0.05543263,302.0946,0.0003696293,0.9879338,0.002337597,-0.1548588,0.0003696293,0.9879338,0.002337597
lucasgm,1056215,0,position,18.94244,424.7958,0.05530437,301.2975,0.0003613913,0.9879553,0.002298869,-0.1547226,0.0003613913,0.9879553,0.002298869
lucasgm,1056215,0,position,19.04966,424.5826,0.05518141,300.6338,0.0003574967,0.9879641,0.002278552,-0.1546663,0.0003574967,0.9879641,0.002278552
lucasgm,1056215,0,position,19.15035,424.3044,0.05502054,299.7673,0.0003540695,0.9879701,0.002258569,-0.154628,0.0003540695,0.9879701,0.002258569
lucasgm,1056215,0,position,19.25594,424.0115,0.05484587,298.8548,0.0003496662,0.9879733,0.002232112,-0.1546084,0.0003496662,0.9879733,0.002232112
lucasgm,1056215,0,position,19.3577,423.7024,0.05465131,297.8926,0.0003379458,0.987958,0.002207548,-0.1547066,0.0003379458,0.987958,0.002207548
lucasgm,1056215,0,position,19.45916,423.3563,0.05608424,296.8848,-0.0007823301,0.9869787,0.00289286,-0.1608235,-0.0007823301,0.9869787,0.00289286
lucasgm,1056215,0,position,19.56133,422.9231,0.06934304,295.8602,-0.003691174,0.9829085,0.007736787,-0.1838951,-0.003691174,0.9829085,0.007736787
lucasgm,1056215,0,position,19.64712,422.3748,0.07831009,294.845,-0.000263529,0.9743655,0.01024647,-0.2247377,-0.000263529,0.9743655,0.01024647
lucasgm,1056215,0,position,19.74956,421.6815,0.09077005,293.8749,-0.005844802,0.9596403,0.01037548,-0.2809782,-0.005844802,0.9596403,0.01037548
lucasgm,1056215,0,position,19.85201,420.8366,0.09776713,292.9788,-0.005880392,0.9381157,0.008232951,-0.3461743,-0.005880392,0.9381157,0.008232951
lucasgm,1056215,0,position,19.95301,419.8537,0.09946427,292.1465,-0.005725246,0.9131561,0.004800364,-0.4075415,-0.005725246,0.9131561,0.004800364
lucasgm,1056215,0,position,20.05441,418.7626,0.09139945,291.3606,-0.007895235,0.8909325,0.003126934,-0.4540564,-0.007895235,0.8909325,0.003126934
lucasgm,1056215,0,position,20.15664,417.5947,0.08789401,290.5895,-0.00483087,0.8764944,0.001455978,-0.4813856,-0.00483087,0.8764944,0.001455978
lucasgm,1056215,0,position,20.25845,416.3589,0.07717235,289.8267,-0.006959245,0.867469,0.004316918,-0.4974241,-0.006959245,0.867469,0.004316918
lucasgm,1056215,0,position,20.35994,415.0583,0.07041086,289.0669,-0.004628496,0.8622788,0.001960449,-0.5064091,-0.004628496,0.8622788,0.001960449
lucasgm,1056215,0,position,20.46219,413.7011,0.06716485,288.3045,-0.005715786,0.8587473,0.004938066,-0.5123437,-0.005715786,0.8587473,0.004938066
lucasgm,1056215,0,position,20.56307,412.2935,0.05765416,287.5267,-0.001580284,0.8579219,0.001011655,-0.5137768,-0.001580284,0.8579219,0.001011655
lucasgm,1056215,0,position,20.64925,410.8717,0.05476924,286.6822,-0.001894758,0.8655198,0.0005875454,-0.5008708,-0.001894758,0.8655198,0.0005875454
lucasgm,1056215,0,position,20.75034,409.4413,0.05045691,285.7593,0.002058991,0.8761408,0.001962438,-0.482047,0.002058991,0.8761408,0.001962438
lucasgm,1056215,0,position,20.85212,407.9849,0.05165854,284.7841,0.001381561,0.8831131,0.002218157,-0.4691528,0.001381561,0.8831131,0.002218157
lucasgm,1056215,0,position,20.95403,406.502,0.05214427,283.7615,0.0007982503,0.8876712,0.001844182,-0.4604734,0.0007982503,0.8876712,0.001844182
lucasgm,1056215,0,position,21.05608,404.9913,0.05157017,282.6933,0.0009484513,0.8906906,0.001794062,-0.4546054,0.0009484513,0.8906906,0.001794062
lucasgm,1056215,0,position,21.15667,403.4474,0.06815674,281.5902,-0.004822946,0.891691,0.01071849,-0.4524921,-0.004822946,0.891691,0.01071849
lucasgm,1056215,0,position,21.2577,401.8426,0.1289493,280.5294,-0.01806914,0.8840398,0.03516303,-0.4657367,-0.01806914,0.8840398,0.03516303
lucasgm,1056215,0,position,21.35912,400.156,0.2596033,279.5608,-0.03201053,0.8677173,0.0685876,-0.4912614,-0.03201053,0.8677173,0.0685876
lucasgm,1056215,0,position,21.45991,398.3945,0.4320453,278.643,-0.04289572,0.8528754,0.08514179,-0.5133367,-0.04289572,0.8528754,0.08514179
lucasgm,1056215,0,position,21.56107,396.5665,0.6226686,277.7495,-0.04999071,0.8438976,0.08742592,-0.5269672,-0.04999071,0.8438976,0.08742592
lucasgm,1056215,0,position,21.66259,394.7206,0.797282,276.8457,-0.06078015,0.8426924,0.09191941,-0.5269974,-0.06078015,0.8426924,0.09191941
lucasgm,1056215,0,position,21.74706,392.8734,0.9499798,275.9216,-0.0789268,0.8473583,0.09146219,-0.5170967,-0.0789268,0.8473583,0.09146219
lucasgm,1056215,0,position,21.85378,391.0235,1.032731,274.9781,-0.1030659,0.8533181,0.08834843,-0.5034086,-0.1030659,0.8533181,0.08834843
lucasgm,1056215,0,position,21.95485,389.1797,1.025579,274.0244,-0.1232493,0.860661,0.07515392,-0.4882871,-0.1232493,0.860661,0.07515392
lucasgm,1056215,0,position,22.05618,387.4167,0.9901628,272.913,-0.1269815,0.8760841,0.06025524,-0.4612174,-0.1269815,0.8760841,0.06025524
lucasgm,1056215,0,position,22.15702,385.7437,0.9696093,271.6238,-0.1261472,0.897968,0.05352968,-0.4181806,-0.1261472,0.897968,0.05352968
lucasgm,1056215,0,position,22.25801,384.174,0.9191838,270.1795,-0.1250396,0.9200674,0.03930159,-0.3691836,-0.1250396,0.9200674,0.03930159
lucasgm,1056215,0,position,22.3582,382.7546,0.8457487,268.5695,-0.1173191,0.9428362,0.03053411,-0.3104252,-0.1173191,0.9428362,0.03053411
lucasgm,1056215,0,position,22.45911,381.5116,0.763963,266.782,-0.1090633,0.9623386,0.01584581,-0.2485124,-0.1090633,0.9623386,0.01584581
lucasgm,1056215,0,position,22.55945,380.4082,0.6721411,264.8325,-0.1018129,0.9753286,0.006138876,-0.1957819,-0.1018129,0.9753286,0.006138876
lucasgm,1056215,0,position,22.66073,379.3632,0.5645682,262.7761,-0.092736,0.9812099,0.001897119,-0.1691854,-0.092736,0.9812099,0.001897119
lucasgm,1056215,0,position,22.76244,378.3203,0.4324251,260.6901,-0.07701126,0.981607,-0.00688266,-0.1745559,-0.07701126,0.981607,-0.00688266
lucasgm,1056215,0,position,22.84702,377.1982,0.2687835,258.6405,-0.05693646,0.9756691,-0.01775902,-0.2109804,-0.05693646,0.9756691,-0.01775902
lucasgm,1056215,0,position,22.9483,375.8991,0.1191671,256.683,-0.04061175,0.9619697,-0.01297789,-0.2698087,-0.04061175,0.9619697,-0.01297789
lucasgm,1056215,0,position,23.04904,374.5531,0.04314556,254.7217,-0.01304618,0.9563273,-0.003045417,-0.2919907,-0.01304618,0.9563273,-0.003045417
lucasgm,1056215,0,position,23.15111,373.2541,0.03844557,252.7036,0.004464854,0.959867,0.002520025,-0.2804089,0.004464854,0.959867,0.002520025
lucasgm,1056215,0,position,23.25348,372.051,0.04967058,250.5992,0.003849769,0.9678626,0.003740855,-0.2514224,0.003849769,0.9678626,0.003740855
lucasgm,1056215,0,position,23.35411,370.9226,0.07910763,248.4089,-0.007731705,0.9747561,0.01253685,-0.2227859,-0.007731705,0.9747561,0.01253685
lucasgm,1056215,0,position,23.45569,369.8502,0.1516983,246.1493,-0.01466095,0.9785433,0.02611807,-0.2038531,-0.01466095,0.9785433,0.02611807
lucasgm,1056215,0,position,23.55713,368.8186,0.2488734,243.8324,-0.02609995,0.9805108,0.02506715,-0.1931037,-0.02609995,0.9805108,0.02506715
lucasgm,1056215,0,position,23.65898,367.7674,0.3409318,241.4884,-0.03896427,0.9793891,0.03063333,-0.1958071,-0.03896427,0.9793891,0.03063333
lucasgm,1056215,0,position,23.75945,366.6096,0.4306234,239.1605,-0.05606284,0.9731942,0.03234183,-0.2206898,-0.05606284,0.9731942,0.03234183
lucasgm,1056215,0,position,23.8611,365.3328,0.475277,236.8686,-0.0658995,0.9654734,0.02386685,-0.2508962,-0.0658995,0.9654734,0.02386685
lucasgm,1056215,0,position,23.96241,363.9799,0.4338919,234.6075,-0.06624995,0.9592452,0.007214486,-0.2746042,-0.06624995,0.9592452,0.007214486
lucasgm,1056215,0,position,24.04657,362.589,0.3350487,232.3454,-0.05068364,0.958281,-0.004267826,-0.2812658,-0.05068364,0.958281,-0.004267826
lucasgm,1056215,0,position,24.14796,361.2394,0.2372263,230.0207,-0.04214695,0.962705,-0.0063456,-0.2671747,-0.04214695,0.962705,-0.0063456
lucasgm,1056215,0,position,24.24937,359.995,0.1377696,227.5959,-0.03382893,0.9725335,-0.009748518,-0.2300851,-0.03382893,0.9725335,-0.009748518
lucasgm,1056215,0,position,24.35675,358.849,0.06544247,225.0586,-0.01897528,0.9796442,-0.002739727,-0.1998238,-0.01897528,0.9796442,-0.002739727
lucasgm,1056215,0,position,24.45882,357.6787,0.04307307,222.4862,-0.00232747,0.9794871,0.0004843622,-0.2014933,-0.00232747,0.9794871,0.0004843622
lucasgm,1056215,0,position,24.55961,356.3834,0.04356248,219.9508,0.003304722,0.9725915,0.002544738,-0.2324831,0.003304722,0.9725915,0.002544738
lucasgm,1056215,0,position,24.66112,354.903,0.04863372,217.4851,0.0006648804,0.9608487,0.002503365,-0.2770617,0.0006648804,0.9608487,0.002503365
lucasgm,1056215,0,position,24.76246,353.3466,0.07769755,215.0978,0.04069464,0.953794,0.006093011,-0.2976304,0.04069464,0.953794,0.006093011
lucasgm,1056215,0,position,24.84681,352.3376,0.4065172,212.8185,0.1419951,0.9616408,0.01190055,-0.2343988,0.1419951,0.9616408,0.01190055
lucasgm,1056215,0,position,24.94809,351.5794,0.7231697,210.4973,0.2302036,0.9579567,0.01619653,-0.1704785,0.2302036,0.9579567,0.01619653
lucasgm,1056215,0,position,25.04944,350.8258,0.9132829,208.1971,0.317971,0.9420149,0.02133635,-0.1051055,0.317971,0.9420149,0.02133635
lucasgm,1056215,0,position,25.14948,350.0825,1.004203,205.9139,0.3858227,0.9213489,0.01839954,-0.04379939,0.3858227,0.9213489,0.01839954
lucasgm,1056215,0,position,25.25917,349.4246,1.074958,203.6002,0.3705153,0.9284418,-0.01962171,-0.01814622,0.3705153,0.9284418,-0.01962171
lucasgm,1056215,0,position,25.36024,348.8254,1.16974,201.2713,0.2637398,0.9632697,-0.03391965,-0.03744848,0.2637398,0.9632697,-0.03391965
lucasgm,1056215,0,position,25.4612,348.2257,1.303988,198.94,0.2161744,0.9716309,-0.03311861,-0.09002899,0.2161744,0.9716309,-0.03311861
lucasgm,1056215,0,position,25.56216,347.4951,1.4187,196.6435,0.1674214,0.9714937,-0.02429013,-0.1660732,0.1674214,0.9714937,-0.02429013
lucasgm,1056215,0,position,25.66237,346.7154,1.516875,194.3591,0.0858002,0.9662302,0.004422203,-0.2429363,0.0858002,0.9662302,0.004422203
lucasgm,1056215,0,position,25.74767,345.8689,1.565597,192.1026,0.0326619,0.9524922,0.01561809,-0.3024038,0.0326619,0.9524922,0.01561809
lucasgm,1056215,0,position,25.84962,344.82,1.576673,189.9368,0.02823005,0.9336886,0.01879326,-0.3564767,0.02823005,0.9336886,0.01879326
lucasgm,1056215,0,position,25.9512,343.6478,1.511447,187.8499,0.0451034,0.9144267,0.005372614,-0.4021949,0.0451034,0.9144267,0.005372614
lucasgm,1056215,0,position,26.05402,342.4723,1.339995,185.7889,0.06728584,0.8952346,-0.01611883,-0.4401906,0.06728584,0.8952346,-0.01611883
lucasgm,1056215,0,position,26.05402,341.0737,0.9770836,183.3455,0.09350996,0.8690946,-0.04170368,-0.483933,0.09350996,0.8690946,-0.04170368
lucasgm,1056215,0,position,26.21142,339.9179,0.545449,181.3358,0.1149688,0.8448318,-0.06278723,-0.5187477,0.1149688,0.8448318,-0.06278723
lucasgm,1056215,0,position,26.21142,338.7505,0.07886828,179.3707,0.09591833,0.8231214,-0.06259421,-0.556195,0.09591833,0.8231214,-0.06259421
lucasgm,1056215,0,position,26.46042,337.7561,-0.1025649,177.8939,-0.02096714,0.8024855,0.001182958,-0.5963021,-0.02096714,0.8024855,0.001182958
lucasgm,1056215,0,position,26.5621,336.3459,0.03462035,176.2689,-0.01153073,0.7683797,0.0113248,-0.6397901,-0.01153073,0.7683797,0.0113248
lucasgm,1056215,0,position,26.64623,334.8115,0.08037721,174.8099,0.00747447,0.7336906,0.002354302,-0.6794385,0.00747447,0.7336906,0.002354302
lucasgm,1056215,0,position,26.74882,333.2414,0.0518349,173.436,0.002834056,0.701573,0.0010124,-0.7125914,0.002834056,0.701573,0.0010124
lucasgm,1056215,0,position,26.85006,331.5114,0.04236895,172.3829,-0.001674796,0.6645448,0.001765862,-0.7472445,-0.001674796,0.6645448,0.001765862
lucasgm,1056215,0,position,26.95164,329.7072,0.05073669,171.5907,0.0009839456,0.6205001,0.001932696,-0.7842034,0.0009839456,0.6205001,0.001932696
lucasgm,1056215,0,position,27.05034,327.8571,0.05327476,171.0544,0.001931426,0.5727592,0.002107114,-0.8197187,0.001931426,0.5727592,0.002107114
lucasgm,1056215,0,position,27.14822,325.9938,0.05163561,170.7793,0.001514708,0.5213379,0.00185794,-0.853347,0.001514708,0.5213379,0.00185794
lucasgm,1056215,0,position,27.24915,324.1494,0.05117282,170.7727,0.001426926,0.4651799,0.001668524,-0.8852134,0.001426926,0.4651799,0.001668524
lucasgm,1056215,0,position,27.35385,323.3095,0.008491156,171.2977,-0.008544719,0.3786849,0.0166075,-0.9253372,-0.008544719,0.3786849,0.0166075
lucasgm,1056215,0,position,27.45875,322.7522,0.05860421,171.9517,0.002948223,0.3678921,0.0006690436,-0.9298636,0.002948223,0.3678921,0.0006690436
lucasgm,1056215,0,position,27.56235,322.1762,0.06573731,172.632,0.003846534,0.3595657,-0.0002431273,-0.9331118,0.003846534,0.3595657,-0.0002431273
lucasgm,1056215,0,position,27.64977,321.5731,0.05688658,173.3298,0.002250009,0.3578562,0.002837658,-0.9337697,0.002250009,0.3578562,0.002837658
lucasgm,1056215,0,position,27.75187,320.9331,0.05428645,174.0535,0.002162954,0.3616405,0.001116607,-0.9323145,0.002162954,0.3616405,0.001116607
lucasgm,1056215,0,position,27.85856,320.2875,0.07015409,174.7797,0.004180301,0.3642634,0.009237688,-0.9312408,0.004180301,0.3642634,0.009237688

